insert into utilisateurs (idep, role) values ('xgqbmt', 'gope');
insert into utilisateurs (idep, role) values ('oeks8w', 'gope');
insert into utilisateurs (idep, role) values ('6l8vzj', 'gope');
insert into utilisateurs (idep, role) values ('u9x2de', 'gope');
insert into utilisateurs (idep, role) values ('5drnw2', 'gope');

insert into utilisateurs (idep, role) values ('pmi1qk', 'gdom');
insert into utilisateurs (idep, role) values ('9n5u9y', 'gdom');
insert into utilisateurs (idep, role) values ('252i0u', 'gdom');

insert into utilisateurs (idep, role) values ('j4uw8k', 'admin');
insert into utilisateurs (idep, role) values ('a0t11p', 'admin');

insert into domaines (id, description) values (1, 'recontextualize plug-and-play channels');
insert into domaines (id, description) values (2, 'incubate compelling applications');
insert into domaines (id, description) values (3, 'deliver efficient users');
insert into domaines (id, description) values (4, 'repurpose efficient e-tailers');
insert into domaines (id, description) values (5, 'monetize collaborative niches');

insert into operations (id, description, id_domaine) values (1, 'architect user-centric e-markets', 2);
insert into operations (id, description, id_domaine) values (2, 'target web-enabled supply-chains', 3);
insert into operations (id, description, id_domaine) values (3, 'unleash extensible synergies', 3);
insert into operations (id, description, id_domaine) values (4, 'empower integrated communities', 3);
insert into operations (id, description, id_domaine) values (5, 'incubate open-source eyeballs', 4);
insert into operations (id, description, id_domaine) values (6, 'empower magnetic technologies', 1);
insert into operations (id, description, id_domaine) values (7, 'implement bleeding-edge e-business', 4);
insert into operations (id, description, id_domaine) values (8, 'redefine web-enabled technologies', 3);
insert into operations (id, description, id_domaine) values (9, 'integrate transparent e-business', 2);
insert into operations (id, description, id_domaine) values (10, 'enhance virtual experiences', 2);
insert into operations (id, description, id_domaine) values (11, 'envisioneer web-enabled platforms', 2);
insert into operations (id, description, id_domaine) values (12, 'envisioneer virtual technologies', 4);
insert into operations (id, description, id_domaine) values (13, 'syndicate 24/7 eyeballs', 5);
insert into operations (id, description, id_domaine) values (14, 'transition rich users', 5);
insert into operations (id, description, id_domaine) values (15, 'transform efficient technologies', 2);

insert into habilitations_operations (idep, id_operation) values ('xgqbmt', 1);
insert into habilitations_operations (idep, id_operation) values ('xgqbmt', 2);
insert into habilitations_operations (idep, id_operation) values ('xgqbmt', 3);
insert into habilitations_operations (idep, id_operation) values ('oeks8w', 4);
insert into habilitations_operations (idep, id_operation) values ('oeks8w', 5);
insert into habilitations_operations (idep, id_operation) values ('oeks8w', 6);
insert into habilitations_operations (idep, id_operation) values ('oeks8w', 7);
insert into habilitations_operations (idep, id_operation) values ('oeks8w', 8);
insert into habilitations_operations (idep, id_operation) values ('6l8vzj', 9);
insert into habilitations_operations (idep, id_operation) values ('6l8vzj', 10);
insert into habilitations_operations (idep, id_operation) values ('u9x2de', 11);
insert into habilitations_operations (idep, id_operation) values ('u9x2de', 12);
insert into habilitations_operations (idep, id_operation) values ('u9x2de', 13);
insert into habilitations_operations (idep, id_operation) values ('5drnw2', 14);
insert into habilitations_operations (idep, id_operation) values ('5drnw2', 15);
insert into habilitations_operations (idep, id_operation) values ('xgqbmt', 1);
insert into habilitations_operations (idep, id_operation) values ('xgqbmt', 2);
insert into habilitations_operations (idep, id_operation) values ('6l8vzj', 3);
insert into habilitations_operations (idep, id_operation) values ('6l8vzj', 4);
insert into habilitations_operations (idep, id_operation) values ('5drnw2', 5);
insert into habilitations_operations (idep, id_operation) values ('5drnw2', 6);
insert into habilitations_operations (idep, id_operation) values ('oeks8w', 7);
insert into habilitations_operations (idep, id_operation) values ('oeks8w', 8);

insert into habilitations_domaines (idep, id_domaine) values ('pmi1qk', 1);
insert into habilitations_domaines (idep, id_domaine) values ('pmi1qk', 2);
insert into habilitations_domaines (idep, id_domaine) values ('9n5u9y', 3);
insert into habilitations_domaines (idep, id_domaine) values ('9n5u9y', 4);
insert into habilitations_domaines (idep, id_domaine) values ('252i0u', 5);
insert into habilitations_domaines (idep, id_domaine) values ('252i0u', 1);

insert into template_modele (id, date_creation, idep_creation, date_derniere_modif, idep_derniere_modif, description, commentaire, id_domaine) values (1, '2016-08-15 11:44:02', 'pmi1qk', null, null, 'revolutionize bricks-and-clicks bandwidth', 'praesent blandit lacinia erat vestibulum sed', 4);
insert into template_modele (id, date_creation, idep_creation, date_derniere_modif, idep_derniere_modif, description, commentaire, id_domaine) values (2, '2015-03-16 12:37:18', 'pmi1qk', '2015-05-11 21:03:58', '9n5u9y', 'revolutionize synergistic solutions', 'donec vitae nisi nam ultrices libero non mattis pulvinar nulla pede ullamcorper augue a suscipit', 3);
insert into template_modele (id, date_creation, idep_creation, date_derniere_modif, idep_derniere_modif, description, commentaire, id_domaine) values (3, '2017-04-09 04:05:23', '252i0u', null, null, 'aggregate 24/365 metrics', 'elementum pellentesque quisque porta volutpat erat quisque erat eros viverra eget congue eget semper rutrum nulla nunc purus', 3);
insert into template_modele (id, date_creation, idep_creation, date_derniere_modif, idep_derniere_modif, description, commentaire, id_domaine) values (4, '2015-04-27 23:33:24', '9n5u9y', '2017-09-23 16:16:28', '9n5u9y', 'strategize cutting-edge action-items', 'proin at turpis a pede posuere nonummy integer non velit donec diam neque vestibulum eget vulputate ut ultrices vel augue', 4);
insert into template_modele (id, date_creation, idep_creation, date_derniere_modif, idep_derniere_modif, description, commentaire, id_domaine) values (5, '2016-12-29 19:05:24', 'pmi1qk', '2016-11-07 12:03:04', 'pmi1qk', 'harness clicks-and-mortar relationships', 'interdum eu tincidunt in leo maecenas pulvinar lobortis est phasellus sit amet erat nulla tempus', 2);
insert into template_modele (id, date_creation, idep_creation, date_derniere_modif, idep_derniere_modif, description, commentaire, id_domaine) values (6, '2015-12-30 11:53:59', '252i0u', '2017-01-20 05:00:07', '9n5u9y', 'brand efficient e-markets', 'imperdiet et commodo vulputate justo in blandit ultrices enim lorem ipsum dolor sit amet consectetuer adipiscing', 3);
insert into template_modele (id, date_creation, idep_creation, date_derniere_modif, idep_derniere_modif, description, commentaire, id_domaine) values (7, '2017-05-03 14:36:40', '9n5u9y', '2016-10-06 23:52:31', '9n5u9y', 'incentivize B2C synergies', 'a odio in hac habitasse platea', 2);

insert into template_mail (id, expediteur, objet, corps_html, corps_brut, id_template_modele) values (1, 'spalluschek0@springer.com', 'evolve back-end initiatives', '<html>Aenean fermentum. Donec ut mauris eget massa tempor convallis. Nulla neque libero, convallis eget, eleifend luctus, ultricies eu, nibh.

Quisque id justo sit amet sapien dignissim vestibulum. Vestibulum ante ipsum primis in faucibus orci luctus et ultrices posuere cubilia Curae; Nulla dapibus dolor vel est. Donec odio justo, sollicitudin ut, suscipit a, feugiat et, eros.

Vestibulum ac est lacinia nisi venenatis tristique. Fusce congue, diam id ornare imperdiet, sapien urna pretium nisl, ut volutpat sapien arcu sed augue. Aliquam erat volutpat.

In congue. Etiam justo. Etiam pretium iaculis justo.</html>', null, 2);
insert into template_mail (id, expediteur, objet, corps_html, corps_brut, id_template_modele) values (2, 'jpargetter1@ning.com', 'recontextualize back-end vortals', '<html>Maecenas leo odio, condimentum id, luctus nec, molestie sed, justo. Pellentesque viverra pede ac diam. Cras pellentesque volutpat dui.</html>', null, 6);
insert into template_mail (id, expediteur, objet, corps_html, corps_brut, id_template_modele) values (3, 'harendt2@reference.com', 'repurpose front-end action-items', null, null, 4);
insert into template_mail (id, expediteur, objet, corps_html, corps_brut, id_template_modele) values (4, 'epawson3@bluehost.com', 'engineer dot-com content', '<html>Aenean lectus. Pellentesque eget nunc. Donec quis orci eget orci vehicula condimentum.

Curabitur in libero ut massa volutpat convallis. Morbi odio odio, elementum eu, interdum eu, tincidunt in, leo. Maecenas pulvinar lobortis est.

Phasellus sit amet erat. Nulla tempus. Vivamus in felis eu sapien cursus vestibulum.

Proin eu mi. Nulla ac enim. In tempor, turpis nec euismod scelerisque, quam turpis adipiscing lorem, vitae mattis nibh ligula nec sem.</html>', null, null);
insert into template_mail (id, expediteur, objet, corps_html, corps_brut, id_template_modele) values (5, 'bschulke4@ox.ac.uk', 'target synergistic e-markets', '<html>Phasellus in felis. Donec semper sapien a libero. Nam dui.

Proin leo odio, porttitor id, consequat in, consequat ut, nulla. Sed accumsan felis. Ut at dolor quis odio consequat varius.

Integer ac leo. Pellentesque ultrices mattis odio. Donec vitae nisi.</html>', null, null);
insert into template_mail (id, expediteur, objet, corps_html, corps_brut, id_template_modele) values (6, 'ckidder5@usgs.gov', 'maximize sexy systems', '<html>Curabitur at ipsum ac tellus semper interdum. Mauris ullamcorper purus sit amet nulla. Quisque arcu libero, rutrum ac, lobortis vel, dapibus at, diam.</html>', null, null);
insert into template_mail (id, expediteur, objet, corps_html, corps_brut, id_template_modele) values (7, 'khabbert6@discovery.com', 'scale compelling users', '<html>Maecenas ut massa quis augue luctus tincidunt. Nulla mollis molestie lorem. Quisque ut erat.

Curabitur gravida nisi at nibh. In hac habitasse platea dictumst. Aliquam augue quam, sollicitudin vitae, consectetuer eget, rutrum at, lorem.

Integer tincidunt ante vel ipsum. Praesent blandit lacinia erat. Vestibulum sed magna at nunc commodo placerat.

Praesent blandit. Nam nulla. Integer pede justo, lacinia eget, tincidunt eget, tempus vel, pede.</html>', null, null);
insert into template_mail (id, expediteur, objet, corps_html, corps_brut, id_template_modele) values (8, 'nbrolly7@opensource.org', 'deploy vertical relationships', null, null, 2);
insert into template_mail (id, expediteur, objet, corps_html, corps_brut, id_template_modele) values (9, 'dwaker8@newsvine.com', 'disintermediate world-class markets', '<html>Aenean lectus. Pellentesque eget nunc. Donec quis orci eget orci vehicula condimentum.</html>', null, null);
insert into template_mail (id, expediteur, objet, corps_html, corps_brut, id_template_modele) values (10, 'ehapper9@umich.edu', 'unleash leading-edge e-commerce', '<html>Lorem ipsum dolor sit amet, consectetuer adipiscing elit. Proin risus. Praesent lectus.

Vestibulum quam sapien, varius ut, blandit non, interdum in, ante. Vestibulum ante ipsum primis in faucibus orci luctus et ultrices posuere cubilia Curae; Duis faucibus accumsan odio. Curabitur convallis.</html>', null, 5);

insert into template_operationnel (id, date_creation, idep_creation, date_derniere_modif, idep_derniere_modif, description, commentaire, id_operation, id_template_mail) values (1, '2015-09-13 01:52:39', '5drnw2', '2017-02-02 09:46:30', 'oeks8w', 'brand compelling action-items', 'transition magnetic technologies', 1, 4);
insert into template_operationnel (id, date_creation, idep_creation, date_derniere_modif, idep_derniere_modif, description, commentaire, id_operation, id_template_mail) values (2, '2016-07-20 11:53:26', '6l8vzj', '2016-12-03 05:11:31', 'xgqbmt', 'transform plug-and-play relationships', 'mesh e-business e-services', 3, 3);
insert into template_operationnel (id, date_creation, idep_creation, date_derniere_modif, idep_derniere_modif, description, commentaire, id_operation, id_template_mail) values (3, '2015-02-24 15:03:34', '6l8vzj', '2016-06-26 12:30:11', '5drnw2', 'revolutionize open-source methodologies', 'benchmark sexy content', 9, 3);
insert into template_operationnel (id, date_creation, idep_creation, date_derniere_modif, idep_derniere_modif, description, commentaire, id_operation, id_template_mail) values (4, '2017-03-15 22:03:47', 'u9x2de', null, null, 'maximize dot-com models', 'architect revolutionary e-tailers', 14, 4);
insert into template_operationnel (id, date_creation, idep_creation, date_derniere_modif, idep_derniere_modif, description, commentaire, id_operation, id_template_mail) values (5, '2016-11-22 23:09:26', 'xgqbmt', null, null, 'reinvent granular relationships', 'scale enterprise synergies', 3, 9);
insert into template_operationnel (id, date_creation, idep_creation, date_derniere_modif, idep_derniere_modif, description, commentaire, id_operation, id_template_mail) values (6, '2015-03-18 20:04:48', '6l8vzj', '2016-08-17 13:05:06', '6l8vzj', 'optimize virtual technologies', 'optimize web-enabled partnerships', 1, 2);
insert into template_operationnel (id, date_creation, idep_creation, date_derniere_modif, idep_derniere_modif, description, commentaire, id_operation, id_template_mail) values (7, '2015-08-15 08:33:54', '6l8vzj', '2016-07-14 21:17:39', 'oeks8w', 'synthesize B2B functionalities', 'envisioneer enterprise action-items', 8, 3);

insert into variables_modele (id, nom, valeur, id_template_operationnel) values (1, 'com.wikispaces.Tampflex', 'Idaho Fescue', 7);
insert into variables_modele (id, nom, valeur, id_template_operationnel) values (2, 'com.slate.Alphazap', 'Croomia', 5);
insert into variables_modele (id, nom, valeur, id_template_operationnel) values (3, 'com.dropbox.Namfix', 'Laurel Greenbrier', 4);
insert into variables_modele (id, nom, valeur, id_template_operationnel) values (4, 'cn.google.Span', 'Case''s Milkvetch', 2);
insert into variables_modele (id, nom, valeur, id_template_operationnel) values (5, 'com.jimdo.Namfix', 'Smallflower Fumewort', 4);
insert into variables_modele (id, nom, valeur, id_template_operationnel) values (6, 'com.slate.Bitchip', 'Grimmia Dry Rock Moss', 4);
insert into variables_modele (id, nom, valeur, id_template_operationnel) values (7, 'nl.google.Tin', 'Sessileflower False Goldenaster', 4);
insert into variables_modele (id, nom, valeur, id_template_operationnel) values (8, 'com.bizjournals.Fix San', 'Tropical Waxweed', 7);
insert into variables_modele (id, nom, valeur, id_template_operationnel) values (9, 'com.diigo.Stim', 'Gum Arabic', 3);
insert into variables_modele (id, nom, valeur, id_template_operationnel) values (10, 'com.usatoday.Stringtough', 'Beaked Cornsalad', 6);
insert into variables_modele (id, nom, valeur, id_template_operationnel) values (11, 'com.parallels.Flexidy', 'Blumer Buckthorn', 4);
insert into variables_modele (id, nom, valeur, id_template_operationnel) values (12, 'com.paypal.Sonsing', 'Northern Adderstongue', 1);
insert into variables_modele (id, nom, valeur, id_template_operationnel) values (13, 'com.engadget.Regrant', 'Devil''s Grandmother', 4);
insert into variables_modele (id, nom, valeur, id_template_operationnel) values (14, 'com.ehow.Kanlam', 'Rock-lily', 4);
insert into variables_modele (id, nom, valeur, id_template_operationnel) values (15, 'com.jimdo.Viva', 'Boivin''s Rockcress', 3);
insert into variables_modele (id, nom, valeur, id_template_operationnel) values (16, 'gl.goo.Bitwolf', 'Daisy Bush', 5);
insert into variables_modele (id, nom, valeur, id_template_operationnel) values (17, 'edu.columbia.Cardguard', 'Melastoma', 6);
insert into variables_modele (id, nom, valeur, id_template_operationnel) values (18, 'com.cocolog-nifty.Konklab', 'Obsolete Polyblastia Lichen', 1);
insert into variables_modele (id, nom, valeur, id_template_operationnel) values (19, 'gov.fema.Gembucket', 'Manybristle Chinchweed', 3);
insert into variables_modele (id, nom, valeur, id_template_operationnel) values (20, 'com.reddit.Wrapsafe', 'Huachuca Mountain Eryngo', 5);
insert into variables_modele (id, nom, valeur, id_template_operationnel) values (21, 'org.redcross.Trippledex', 'Scarlet Beeblossom', 6);
insert into variables_modele (id, nom, valeur, id_template_operationnel) values (22, 'com.paypal.Bamity', 'Bryant''s Beardtongue', 6);
insert into variables_modele (id, nom, valeur, id_template_operationnel) values (23, 'info.aboutads.Tresom', 'Dwarf Snapdragon', 1);
insert into variables_modele (id, nom, valeur, id_template_operationnel) values (24, 'com.opera.Zathin', 'Oregon Timwort', 7);
insert into variables_modele (id, nom, valeur, id_template_operationnel) values (25, 'com.bandcamp.Stim', 'Trailplant', 4);
insert into variables_modele (id, nom, valeur, id_template_operationnel) values (26, 'gov.hud.Voyatouch', 'Witch''s Moneybags', 3);
insert into variables_modele (id, nom, valeur, id_template_operationnel) values (27, 'com.businessweek.Domainer', 'Northern Wildrice', 1);
insert into variables_modele (id, nom, valeur, id_template_operationnel) values (28, 'com.instagram.Bitchip', 'Common Wireweed', 1);
insert into variables_modele (id, nom, valeur, id_template_operationnel) values (29, 'com.acquirethisname.Sonair', 'Tea', 5);
insert into variables_modele (id, nom, valeur, id_template_operationnel) values (30, 'net.comcast.Stronghold', 'Big Tarweed', 4);
insert into variables_modele (id, nom, valeur, id_template_operationnel) values (31, 'com.freewebs.Ventosanzap', 'Kaiparowits Beardtongue', 7);
insert into variables_modele (id, nom, valeur, id_template_operationnel) values (32, 'com.parallels.Veribet', 'Fleshyfruit Gladecress', 6);
insert into variables_modele (id, nom, valeur, id_template_operationnel) values (33, 'com.chicagotribune.Tres-Zap', 'Scaly Blazing Star', 3);
insert into variables_modele (id, nom, valeur, id_template_operationnel) values (34, 'edu.ucla.Domainer', 'Cretan Bryony', 2);
insert into variables_modele (id, nom, valeur, id_template_operationnel) values (35, 'com.yellowpages.Bitwolf', 'Pireella Moss', 5);
insert into variables_modele (id, nom, valeur, id_template_operationnel) values (36, 'com.cyberchimps.Kanlam', 'Stemless Beardtongue', 4);
insert into variables_modele (id, nom, valeur, id_template_operationnel) values (37, 'jp.ne.biglobe.Flexidy', 'Pestilence Wort', 2);
insert into variables_modele (id, nom, valeur, id_template_operationnel) values (38, 'edu.columbia.Biodex', 'Essex Dewberry', 6);
insert into variables_modele (id, nom, valeur, id_template_operationnel) values (39, 'au.gov.privacy.Trippledex', 'Riverside Spineflower', 2);
insert into variables_modele (id, nom, valeur, id_template_operationnel) values (40, 'com.huffingtonpost.Tampflex', 'Idaho Saxifrage', 4);
insert into variables_modele (id, nom, valeur, id_template_operationnel) values (41, 'com.cocolog-nifty.Toughjoyfax', 'Lempholemma Lichen', 6);
insert into variables_modele (id, nom, valeur, id_template_operationnel) values (42, 'com.webnode.Konklux', 'Limahuli Cyrtandra', 3);
insert into variables_modele (id, nom, valeur, id_template_operationnel) values (43, 'com.biblegateway.Stringtough', 'Alligatorwood', 3);
insert into variables_modele (id, nom, valeur, id_template_operationnel) values (44, 'au.com.google.Bytecard', 'Elliott''s Goldenrod', 1);
insert into variables_modele (id, nom, valeur, id_template_operationnel) values (45, 'au.org.auda.Zontrax', 'Thread Lichen', 6);
insert into variables_modele (id, nom, valeur, id_template_operationnel) values (46, 'com.delicious.Daltfresh', 'Arctic Trichostomum Moss', 5);
insert into variables_modele (id, nom, valeur, id_template_operationnel) values (47, 'uk.co.timesonline.Cardify', 'Gullfeed', 6);
insert into variables_modele (id, nom, valeur, id_template_operationnel) values (48, 'com.myspace.Opela', 'Beckwith''s Rockcress', 4);
insert into variables_modele (id, nom, valeur, id_template_operationnel) values (49, 'org.networkadvertising.Latlux', 'Alternate-leaf Golden Saxifrage', 7);
insert into variables_modele (id, nom, valeur, id_template_operationnel) values (50, 'com.hao123.Cardify', 'Cade Juniper', 7);
insert into variables_modele (id, nom, valeur, id_template_operationnel) values (51, 'com.devhub.Y-Solowarm', 'Bull Withe', 4);
insert into variables_modele (id, nom, valeur, id_template_operationnel) values (52, 'com.ucoz.Stringtough', 'Anema Lichen', 4);
insert into variables_modele (id, nom, valeur, id_template_operationnel) values (53, 'gov.cdc.Otcom', 'Hawai''i Cheesewood', 2);
insert into variables_modele (id, nom, valeur, id_template_operationnel) values (54, 'de.amazon.Bigtax', 'Bigleaf Bristlegrass', 3);
insert into variables_modele (id, nom, valeur, id_template_operationnel) values (55, 'jp.japanpost.Asoka', 'Smallspore Map Lichen', 2);
insert into variables_modele (id, nom, valeur, id_template_operationnel) values (56, 'jp.ne.goo.Gembucket', 'Plummer''s Clover', 7);
insert into variables_modele (id, nom, valeur, id_template_operationnel) values (57, 'com.techcrunch.Zaam-Dox', 'Parlin''s Pussytoes', 4);
insert into variables_modele (id, nom, valeur, id_template_operationnel) values (58, 'com.addthis.Cardify', 'Sunnybell', 2);
insert into variables_modele (id, nom, valeur, id_template_operationnel) values (59, 'net.slideshare.Voltsillam', 'Tussock Cottongrass', 7);
insert into variables_modele (id, nom, valeur, id_template_operationnel) values (60, 'com.parallels.Fixflex', 'Tropical Dropseed', 3);
insert into variables_modele (id, nom, valeur, id_template_operationnel) values (61, 'au.net.abc.Otcom', 'Northern False Candytuft', 5);
insert into variables_modele (id, nom, valeur, id_template_operationnel) values (62, 'com.cloudflare.Veribet', 'Tibig', 7);
insert into variables_modele (id, nom, valeur, id_template_operationnel) values (63, 'com.wp.Sonsing', 'Scribble Lichen', 6);
insert into variables_modele (id, nom, valeur, id_template_operationnel) values (64, 'it.paginegialle.Zathin', 'Spike Lichen', 3);
insert into variables_modele (id, nom, valeur, id_template_operationnel) values (65, 'com.sphinn.Cardify', 'Intermediate Yucca', 2);
insert into variables_modele (id, nom, valeur, id_template_operationnel) values (66, 'cz.phoca.Latlux', 'Great Basin Brome', 6);
insert into variables_modele (id, nom, valeur, id_template_operationnel) values (67, 'gov.va.Asoka', 'Sticky Rosinweed', 4);
insert into variables_modele (id, nom, valeur, id_template_operationnel) values (68, 'com.cyberchimps.Wrapsafe', 'Myrsine-leaved Willow', 3);
insert into variables_modele (id, nom, valeur, id_template_operationnel) values (69, 'net.a8.Hatity', 'Menzies'' Wallflower', 2);
insert into variables_modele (id, nom, valeur, id_template_operationnel) values (70, 'ru.rambler.Transcof', 'Cartilage Lichen', 7);
insert into variables_modele (id, nom, valeur, id_template_operationnel) values (71, 'jp.ne.goo.Y-find', 'Thickfoot Saltbush', 6);
insert into variables_modele (id, nom, valeur, id_template_operationnel) values (72, 'com.digg.Lotlux', 'Ribbon Fern', 1);
insert into variables_modele (id, nom, valeur, id_template_operationnel) values (73, 'net.themeforest.Tampflex', 'Wulfen''s Pore Lichen', 2);
insert into variables_modele (id, nom, valeur, id_template_operationnel) values (74, 'org.networkadvertising.Matsoft', 'Desert Rose', 3);
insert into variables_modele (id, nom, valeur, id_template_operationnel) values (75, 'com.bandcamp.Voltsillam', 'Walnut Spleenwort', 3);
insert into variables_modele (id, nom, valeur, id_template_operationnel) values (76, 'edu.psu.Trippledex', 'Mountain Springparsley', 7);
insert into variables_modele (id, nom, valeur, id_template_operationnel) values (77, 'com.sun.Daltfresh', 'Giant Dropseed', 1);
insert into variables_modele (id, nom, valeur, id_template_operationnel) values (78, 'com.twitpic.Fixflex', 'Verde Formation Breadroot', 2);
insert into variables_modele (id, nom, valeur, id_template_operationnel) values (79, 'com.stumbleupon.Y-find', 'Colorado Desert Phacelia', 3);
insert into variables_modele (id, nom, valeur, id_template_operationnel) values (80, 'it.tuttocitta.Wrapsafe', 'Prairie Pinweed', 7);
insert into variables_modele (id, nom, valeur, id_template_operationnel) values (81, 'com.shinystat.Lotlux', 'Skunkbush', 1);
insert into variables_modele (id, nom, valeur, id_template_operationnel) values (82, 'com.naver.Viva', 'Seaside Juniper', 6);
insert into variables_modele (id, nom, valeur, id_template_operationnel) values (83, 'com.multiply.Pannier', 'Nested Polypody', 1);
insert into variables_modele (id, nom, valeur, id_template_operationnel) values (84, 'com.tripadvisor.Wrapsafe', 'Veiny Monardella', 3);
insert into variables_modele (id, nom, valeur, id_template_operationnel) values (85, 'com.icq.Sonsing', 'Dove Weed', 2);
insert into variables_modele (id, nom, valeur, id_template_operationnel) values (86, 'com.mayoclinic.Bitwolf', 'Sulphur-flower Buckwheat', 7);
insert into variables_modele (id, nom, valeur, id_template_operationnel) values (87, 'com.wp.Trippledex', '''ohi''a', 7);
insert into variables_modele (id, nom, valeur, id_template_operationnel) values (88, 'gov.va.Lotstring', 'Lemon Bottlebrush', 2);
insert into variables_modele (id, nom, valeur, id_template_operationnel) values (89, 'uk.co.independent.Tin', 'Bilimbi', 5);
insert into variables_modele (id, nom, valeur, id_template_operationnel) values (90, 'com.theguardian.Voltsillam', 'Heartleaf Skullcap', 7);
insert into variables_modele (id, nom, valeur, id_template_operationnel) values (91, 'cn.360.Asoka', 'Overcup Oak', 2);
insert into variables_modele (id, nom, valeur, id_template_operationnel) values (92, 'com.yolasite.Cardify', 'Smelly Wallflower', 1);
insert into variables_modele (id, nom, valeur, id_template_operationnel) values (93, 'uk.ac.ox.Rank', 'Disc Lichen', 7);
insert into variables_modele (id, nom, valeur, id_template_operationnel) values (94, 'ru.odnoklassniki.Fintone', 'Chinese White Poplar', 3);
insert into variables_modele (id, nom, valeur, id_template_operationnel) values (95, 'com.hc360.Konklux', 'Water Disc Lichen', 3);
insert into variables_modele (id, nom, valeur, id_template_operationnel) values (96, 'com.youku.Pannier', 'Tsuga Szczawinskia Lichen', 3);
insert into variables_modele (id, nom, valeur, id_template_operationnel) values (97, 'org.dyndns.Namfix', 'Steens Indian Paintbrush', 4);
insert into variables_modele (id, nom, valeur, id_template_operationnel) values (98, 'com.examiner.Temp', 'Stonecrop', 1);
insert into variables_modele (id, nom, valeur, id_template_operationnel) values (99, 'com.diigo.Subin', 'Butterfly Milkweed', 2);
insert into variables_modele (id, nom, valeur, id_template_operationnel) values (100, 'ch.admin.Alpha', 'Mexican Ricegrass', 1);

insert into envois (id, code, tags, date, id_operation) values (1, 'rcvxk_71', 'anachronism,layer''s', '2016-04-05 20:29:22', 11);
insert into envois (id, code, tags, date, id_operation) values (2, 'abqfg_07', 'arrest''s,ornamental,queries', '2016-11-12 13:43:10', 6);
insert into envois (id, code, tags, date, id_operation) values (3, 'lxxjg_02', 'shortly,busses,topples', '2016-09-28 09:11:30', 12);
insert into envois (id, code, tags, date, id_operation) values (4, 'gvsmx_91', 'email''s,distrustful', '2016-04-09 15:07:48', 15);
insert into envois (id, code, tags, date, id_operation) values (5, 'xfgoo_71', 'pretenses,moderns', '2015-08-02 07:17:29', 2);
insert into envois (id, code, tags, date, id_operation) values (6, 'qsowv_36', 'fillies,pares', '2016-05-29 18:36:11', 11);
insert into envois (id, code, tags, date, id_operation) values (7, 'cewnz_11', 'shacks,hippopotamus,stack', '2015-10-26 12:41:37', 12);
insert into envois (id, code, tags, date, id_operation) values (8, 'upqpa_95', 'wrongly,epitomes', '2017-10-31 17:52:55', 2);
insert into envois (id, code, tags, date, id_operation) values (9, 'nwumc_13', null, '2015-12-24 12:49:19', 1);
insert into envois (id, code, tags, date, id_operation) values (10, 'henxy_63', 'truce''s,knapsack''s', '2016-09-09 20:00:29', 15);
insert into envois (id, code, tags, date, id_operation) values (11, 'bhszy_20', 'tins,leach,bemusing', '2016-07-09 01:30:11', 3);
insert into envois (id, code, tags, date, id_operation) values (12, 'jazjd_25', 'alibis,embryonic,diarrhoea', '2017-11-14 09:24:24', 11);
insert into envois (id, code, tags, date, id_operation) values (13, 'asrkn_30', 'abyss,newly', '2015-07-26 04:00:35', 8);
insert into envois (id, code, tags, date, id_operation) values (14, 'ojcpx_84', null, '2017-12-23 23:19:26', 7);
insert into envois (id, code, tags, date, id_operation) values (15, 'ygpby_90', 'dooming,prows', '2017-11-10 12:19:13', 3);
insert into envois (id, code, tags, date, id_operation) values (16, 'vzbcc_30', 'concentrate,maximum''s,rues', '2015-11-02 04:13:34', 1);
insert into envois (id, code, tags, date, id_operation) values (17, 'mzfdk_67', null, '2016-08-09 06:16:23', 3);
insert into envois (id, code, tags, date, id_operation) values (18, 'enjwh_69', 'weightier,attraction', '2016-07-22 14:31:14', 5);
insert into envois (id, code, tags, date, id_operation) values (19, 'lrszh_99', 'brooch''s,beautician''s', '2017-05-09 09:20:02', 6);
insert into envois (id, code, tags, date, id_operation) values (20, 'plnwo_50', 'masochists,bruising', '2016-10-14 13:10:14', 8);
insert into envois (id, code, tags, date, id_operation) values (21, 'pcokz_05', 'chop''s,tailspin', '2016-12-13 18:36:01', 8);
insert into envois (id, code, tags, date, id_operation) values (22, 'weowk_47', null, '2017-04-17 08:29:05', 12);
insert into envois (id, code, tags, date, id_operation) values (23, 'ootfs_52', 'hitchhiker,comings,ideology''s', '2016-03-13 15:02:47', 12);
insert into envois (id, code, tags, date, id_operation) values (24, 'gdawu_23', 'reelects,airplane,delegating', '2017-07-22 20:33:51', 12);
insert into envois (id, code, tags, date, id_operation) values (25, 'koxwm_40', null, '2015-10-18 23:45:17', 1);
insert into envois (id, code, tags, date, id_operation) values (26, 'uugyc_62', 'rummages,hid,curtest', '2017-09-19 13:09:38', 10);
insert into envois (id, code, tags, date, id_operation) values (27, 'wpffb_99', 'weaker,assaulter', '2016-06-14 07:44:53', 3);
insert into envois (id, code, tags, date, id_operation) values (28, 'pkbez_92', 'flush,distributors,illusion''s', '2017-08-24 10:27:43', 3);
insert into envois (id, code, tags, date, id_operation) values (29, 'zphqs_81', 'indictment''s,visible', '2017-01-29 12:15:16', 6);
insert into envois (id, code, tags, date, id_operation) values (30, 'lfdzw_96', null, '2015-02-24 23:28:22', 15);
insert into envois (id, code, tags, date, id_operation) values (31, 'acxgf_92', 'resolves,moreover', '2015-02-17 00:36:34', 5);
insert into envois (id, code, tags, date, id_operation) values (32, 'rtcxw_28', 'toasting,plankton''s,quests', '2015-06-04 18:01:09', 14);
insert into envois (id, code, tags, date, id_operation) values (33, 'xarnj_86', 'commodore''s,locket''s,lightness''s', '2015-04-08 11:36:10', 15);
insert into envois (id, code, tags, date, id_operation) values (34, 'utyai_79', 'oversimplification,access''s,theorizing', '2017-11-15 15:40:37', 11);
insert into envois (id, code, tags, date, id_operation) values (35, 'xdlcg_30', 'increment''s,ugliest,escorting', '2017-12-21 13:02:18', 4);
insert into envois (id, code, tags, date, id_operation) values (36, 'kwcvl_09', 'stillest,banishes', '2017-07-09 11:47:23', 3);
insert into envois (id, code, tags, date, id_operation) values (37, 'xlapx_23', 'monkeys,hovel', '2015-09-13 02:06:45', 9);
insert into envois (id, code, tags, date, id_operation) values (38, 'gnxck_41', null, '2015-01-03 18:11:27', 11);
insert into envois (id, code, tags, date, id_operation) values (39, 'evllj_41', 'associate,solitaries,fezzes', '2017-05-11 19:53:11', 5);
insert into envois (id, code, tags, date, id_operation) values (40, 'yohhm_14', 'magazine,suntans,remodelled', '2016-04-24 07:47:47', 5);
insert into envois (id, code, tags, date, id_operation) values (41, 'jlpro_42', 'meet,limitation,monotonous', '2015-09-17 20:13:17', 5);
insert into envois (id, code, tags, date, id_operation) values (42, 'aznim_83', 'handicrafts,bunny,curled', '2015-09-28 09:24:06', 10);
insert into envois (id, code, tags, date, id_operation) values (43, 'cibba_71', 'difference''s,butt''s', '2015-08-29 11:37:50', 6);
insert into envois (id, code, tags, date, id_operation) values (44, 'fgwzm_38', 'pocketing,bronzed,orientation''s', '2016-09-28 01:58:05', 11);
insert into envois (id, code, tags, date, id_operation) values (45, 'fscrq_06', 'spout,fetus''s,successor', '2016-09-02 20:52:12', 11);
insert into envois (id, code, tags, date, id_operation) values (46, 'kjpvr_01', 'peninsula,cleavage''s,logic''s', '2016-11-21 16:22:40', 3);
insert into envois (id, code, tags, date, id_operation) values (47, 'szcpg_59', null, '2017-02-15 03:21:16', 13);
insert into envois (id, code, tags, date, id_operation) values (48, 'wserf_11', 'flaunt''s,matron', '2015-07-29 00:47:53', 4);
insert into envois (id, code, tags, date, id_operation) values (49, 'kyusi_38', null, '2015-07-19 12:17:57', 11);
insert into envois (id, code, tags, date, id_operation) values (50, 'utqlw_51', 'dizzying,workman', '2016-12-28 07:18:25', 11);
insert into envois (id, code, tags, date, id_operation) values (51, 'sgnzp_45', 'complicating,interpreter''s,rhinos', '2015-12-10 10:37:35', 7);
insert into envois (id, code, tags, date, id_operation) values (52, 'zskld_63', 'czar,sweetest,gem', '2016-11-30 19:56:41', 7);
insert into envois (id, code, tags, date, id_operation) values (53, 'znqvt_85', null, '2017-02-01 08:27:15', 12);
insert into envois (id, code, tags, date, id_operation) values (54, 'mcxol_27', null, '2015-03-22 15:31:54', 4);
insert into envois (id, code, tags, date, id_operation) values (55, 'aartg_44', 'bamboozle,throbbed', '2016-08-28 23:56:16', 8);
insert into envois (id, code, tags, date, id_operation) values (56, 'szorv_82', 'imbecile''s,gamed,injurious', '2017-04-25 05:56:29', 12);
insert into envois (id, code, tags, date, id_operation) values (57, 'uvqel_09', 'completeness''s,slipperier', '2015-03-13 12:01:13', 9);
insert into envois (id, code, tags, date, id_operation) values (58, 'alnen_86', null, '2015-05-07 13:04:41', 1);
insert into envois (id, code, tags, date, id_operation) values (59, 'amvfr_09', 'chummy,reopened', '2017-01-12 22:48:17', 8);
insert into envois (id, code, tags, date, id_operation) values (60, 'bagir_17', 'cure''s,snuffed,chatted', '2017-04-17 01:01:13', 14);
insert into envois (id, code, tags, date, id_operation) values (61, 'uhjqx_66', 'wilt,indented,decode', '2017-04-19 18:11:22', 10);
insert into envois (id, code, tags, date, id_operation) values (62, 'limov_82', 'confines,insulator''s,fictions', '2017-04-05 07:27:09', 11);
insert into envois (id, code, tags, date, id_operation) values (63, 'iwddv_75', null, '2016-09-20 00:39:22', 1);
insert into envois (id, code, tags, date, id_operation) values (64, 'vxwgq_91', 'pressing''s,yearns', '2015-12-08 14:19:40', 7);
insert into envois (id, code, tags, date, id_operation) values (65, 'etlqm_63', 'filly''s,razor,descriptors', '2017-09-30 15:54:41', 4);
insert into envois (id, code, tags, date, id_operation) values (66, 'pmrdq_50', 'trivia,convoys', '2016-01-07 11:39:55', 7);
insert into envois (id, code, tags, date, id_operation) values (67, 'fglmi_61', 'refraction,based,ticking', '2015-10-21 23:50:50', 14);
insert into envois (id, code, tags, date, id_operation) values (68, 'vsfra_57', 'decayed,search,sprinting', '2015-04-28 15:57:07', 5);
insert into envois (id, code, tags, date, id_operation) values (69, 'frkbf_60', null, '2015-11-14 12:56:02', 7);
insert into envois (id, code, tags, date, id_operation) values (70, 'fiela_63', 'haughtier,landslide''s', '2016-01-23 10:07:34', 1);
insert into envois (id, code, tags, date, id_operation) values (71, 'dcgsz_62', 'reactive,code,extravagance', '2015-07-27 05:17:36', 14);
insert into envois (id, code, tags, date, id_operation) values (72, 'vdoan_55', 'molecules,fizzled', '2018-01-01 22:20:27', 8);
insert into envois (id, code, tags, date, id_operation) values (73, 'gxigx_22', 'acquittal,constructed', '2017-04-18 13:18:17', 9);
insert into envois (id, code, tags, date, id_operation) values (74, 'myqgp_25', 'oratory,rightness', '2017-10-12 21:27:42', 9);
insert into envois (id, code, tags, date, id_operation) values (75, 'ekefh_32', 'quirking,scollops', '2016-02-07 05:35:31', 10);
insert into envois (id, code, tags, date, id_operation) values (76, 'ieqjs_68', null, '2017-10-15 23:42:39', 6);
insert into envois (id, code, tags, date, id_operation) values (77, 'aqzde_66', 'belittled,succor,zoom''s', '2017-06-15 09:34:38', 15);
insert into envois (id, code, tags, date, id_operation) values (78, 'bzniw_72', null, '2016-04-13 16:51:53', 7);
insert into envois (id, code, tags, date, id_operation) values (79, 'ruvsh_63', 'film''s,atheistic,islanders', '2016-10-07 16:22:37', 3);
insert into envois (id, code, tags, date, id_operation) values (80, 'ausmr_50', 'mathematics,ancient', '2016-06-15 13:17:36', 2);
insert into envois (id, code, tags, date, id_operation) values (81, 'qhyua_03', 'blacklist,prudish,drivers', '2017-02-12 16:09:31', 7);
insert into envois (id, code, tags, date, id_operation) values (82, 'qhgti_12', null, '2017-11-28 00:03:31', 3);
insert into envois (id, code, tags, date, id_operation) values (83, 'mhsbd_32', 'hamster''s,beam', '2018-01-31 10:50:55', 15);
insert into envois (id, code, tags, date, id_operation) values (84, 'czfbd_77', 'travelling,sequences,histogram', '2017-06-26 04:02:59', 3);
insert into envois (id, code, tags, date, id_operation) values (85, 'megnc_64', 'trilogies,possessives', '2015-10-06 21:33:34', 11);
insert into envois (id, code, tags, date, id_operation) values (86, 'vzibw_88', null, '2016-06-08 06:56:47', 2);
insert into envois (id, code, tags, date, id_operation) values (87, 'tifzc_56', 'kinship''s,editor,studios', '2015-01-19 15:57:27', 10);
insert into envois (id, code, tags, date, id_operation) values (88, 'murft_54', 'hided,skewering', '2017-08-11 05:57:07', 2);
insert into envois (id, code, tags, date, id_operation) values (89, 'lpyyl_19', 'underweight''s,attiring', '2016-02-29 07:39:42', 10);
insert into envois (id, code, tags, date, id_operation) values (90, 'kjmcv_97', 'manipulated,looses', '2016-06-08 23:07:22', 8);
insert into envois (id, code, tags, date, id_operation) values (91, 'srkca_94', 'contemplating,focused', '2015-05-18 18:25:03', 14);
insert into envois (id, code, tags, date, id_operation) values (92, 'ayits_97', 'cawing,dominion''s', '2017-08-20 04:43:20', 13);
insert into envois (id, code, tags, date, id_operation) values (93, 'vmslj_29', 'fetched,flush''s', '2017-09-20 02:49:46', 11);
insert into envois (id, code, tags, date, id_operation) values (94, 'ktbwo_01', null, '2016-11-01 04:40:35', 6);
insert into envois (id, code, tags, date, id_operation) values (95, 'jexsa_89', null, '2016-05-03 04:29:20', 8);
insert into envois (id, code, tags, date, id_operation) values (96, 'dovca_61', 'swiping,rifted', '2016-07-12 21:11:36', 12);
insert into envois (id, code, tags, date, id_operation) values (97, 'izfnb_98', null, '2016-03-17 03:48:21', 5);
insert into envois (id, code, tags, date, id_operation) values (98, 'rjotq_04', 'marxists,climes,heart''s', '2016-03-02 15:11:36', 7);
insert into envois (id, code, tags, date, id_operation) values (99, 'rfzxy_87', 'hedging,misdirected', '2017-09-26 23:08:04', 1);
insert into envois (id, code, tags, date, id_operation) values (100, 'urdvu_53', 'baboon''s,sympathetic,cones', '2016-09-16 09:23:07', 5);
insert into envois (id, code, tags, date, id_operation) values (101, 'bnfmd_99', 'domino,spearheading,taps', '2015-01-11 06:37:17', 12);
insert into envois (id, code, tags, date, id_operation) values (102, 'chhlo_35', 'approximates,area''s,cycles', '2017-09-13 01:17:30', 15);
insert into envois (id, code, tags, date, id_operation) values (103, 'zstwj_07', null, '2015-04-20 21:17:29', 8);
insert into envois (id, code, tags, date, id_operation) values (104, 'bmtfg_91', 'detention,illuminated', '2017-01-15 15:44:08', 2);
insert into envois (id, code, tags, date, id_operation) values (105, 'nrlpy_57', 'urbanest,butting', '2017-03-27 08:51:36', 2);
insert into envois (id, code, tags, date, id_operation) values (106, 'evalw_46', 'predicts,punning,wrapped', '2016-03-28 07:27:42', 2);
insert into envois (id, code, tags, date, id_operation) values (107, 'jsmbh_70', 'evangelical,inputted', '2017-11-18 14:10:39', 15);
insert into envois (id, code, tags, date, id_operation) values (108, 'blkqm_66', 'stove''s,senates,unnerves', '2016-02-05 13:37:49', 6);
insert into envois (id, code, tags, date, id_operation) values (109, 'erprd_16', 'empirical,bluegrass,outfitted', '2018-01-23 04:18:42', 10);
insert into envois (id, code, tags, date, id_operation) values (110, 'kuadm_95', 'gasolene,gymnasia,bellied', '2016-12-14 15:36:06', 3);
insert into envois (id, code, tags, date, id_operation) values (111, 'snyfh_63', null, '2015-10-25 14:37:59', 11);
insert into envois (id, code, tags, date, id_operation) values (112, 'giidt_98', null, '2017-08-13 23:03:10', 12);
insert into envois (id, code, tags, date, id_operation) values (113, 'jxtoz_28', null, '2017-02-24 16:50:22', 2);
insert into envois (id, code, tags, date, id_operation) values (114, 'vzdqo_00', 'slabbed,diapers', '2016-09-12 11:36:51', 12);
insert into envois (id, code, tags, date, id_operation) values (115, 'mtbyr_02', 'reincarnate,correlated', '2017-05-14 11:21:32', 5);
insert into envois (id, code, tags, date, id_operation) values (116, 'rcsyr_37', 'brazened,bides,roof', '2016-01-09 14:22:51', 11);
insert into envois (id, code, tags, date, id_operation) values (117, 'epmxz_45', 'mix''s,omelettes', '2016-02-11 22:40:57', 12);
insert into envois (id, code, tags, date, id_operation) values (118, 'dsvpd_89', 'genes,liturgy''s', '2017-10-03 21:18:39', 15);
insert into envois (id, code, tags, date, id_operation) values (119, 'dpsrz_78', 'leverages,interfacing', '2016-05-18 11:21:41', 14);
insert into envois (id, code, tags, date, id_operation) values (120, 'fpqcn_85', 'contradictory,evidence''s,sayings', '2016-06-06 23:08:07', 6);
insert into envois (id, code, tags, date, id_operation) values (121, 'hpint_84', 'penetrates,fled', '2016-11-02 13:21:46', 15);
insert into envois (id, code, tags, date, id_operation) values (122, 'gyjlt_31', 'cadet''s,democracy', '2016-07-04 15:59:51', 7);
insert into envois (id, code, tags, date, id_operation) values (123, 'qjein_78', null, '2015-03-12 12:42:57', 15);
insert into envois (id, code, tags, date, id_operation) values (124, 'kzqeo_35', 'primers,construe', '2015-09-12 04:02:40', 5);
insert into envois (id, code, tags, date, id_operation) values (125, 'hgxaj_54', 'eighty''s,dredges,orientating', '2015-10-25 10:03:29', 13);
insert into envois (id, code, tags, date, id_operation) values (126, 'gqrrj_03', 'presentations,beg', '2017-11-09 10:29:59', 2);
insert into envois (id, code, tags, date, id_operation) values (127, 'cevkw_10', 'explosion''s,sexist', '2017-06-10 17:57:49', 8);
insert into envois (id, code, tags, date, id_operation) values (128, 'uzdhq_82', 'turf''s,became', '2018-01-02 01:20:23', 8);
insert into envois (id, code, tags, date, id_operation) values (129, 'hdfbj_01', 'acclaims,thankless', '2017-04-09 11:09:14', 5);
insert into envois (id, code, tags, date, id_operation) values (130, 'miobv_73', 'homogenize,havoc''s', '2015-03-02 01:18:14', 13);
insert into envois (id, code, tags, date, id_operation) values (131, 'jmjkd_21', 'chapel''s,mentality,praised', '2016-05-02 04:28:33', 7);
insert into envois (id, code, tags, date, id_operation) values (132, 'orlbm_10', 'memo''s,breakfasted,stump', '2015-09-19 09:34:39', 1);
insert into envois (id, code, tags, date, id_operation) values (133, 'yahcq_57', 'synthesize,college', '2016-12-16 19:24:15', 8);
insert into envois (id, code, tags, date, id_operation) values (134, 'zlzub_66', 'filler,custard', '2017-03-12 18:32:15', 11);
insert into envois (id, code, tags, date, id_operation) values (135, 'qkdrn_41', null, '2016-04-23 00:27:20', 12);
insert into envois (id, code, tags, date, id_operation) values (136, 'ygvgb_91', 'gilt''s,ensure,graphed', '2016-08-21 10:49:19', 14);
insert into envois (id, code, tags, date, id_operation) values (137, 'wlvum_94', 'composer''s,armored', '2016-12-08 06:55:13', 13);
insert into envois (id, code, tags, date, id_operation) values (138, 'iuuka_37', 'uncleanest,routeing', '2015-01-12 00:48:00', 11);
insert into envois (id, code, tags, date, id_operation) values (139, 'zhcor_56', 'digressions,sporran,preaches', '2015-12-01 13:19:14', 8);
insert into envois (id, code, tags, date, id_operation) values (140, 'rpfxr_00', 'satire,padlocked', '2017-04-28 17:28:34', 7);
insert into envois (id, code, tags, date, id_operation) values (141, 'rgvmc_41', 'restlessness''s,formulate', '2017-01-17 22:54:18', 13);
insert into envois (id, code, tags, date, id_operation) values (142, 'zxeuq_25', 'roughhoused,indignant,pointedly', '2015-03-16 06:25:55', 13);
insert into envois (id, code, tags, date, id_operation) values (143, 'erdge_26', 'purported,handshakes', '2017-03-28 19:49:32', 5);
insert into envois (id, code, tags, date, id_operation) values (144, 'fdbdb_23', 'fowl''s,likelier,persecuted', '2015-09-27 10:41:41', 11);
insert into envois (id, code, tags, date, id_operation) values (145, 'hxats_25', 'android,coped', '2017-11-21 08:35:43', 11);
insert into envois (id, code, tags, date, id_operation) values (146, 'rlkoi_72', 'toadstool,navies', '2015-03-01 00:48:33', 15);
insert into envois (id, code, tags, date, id_operation) values (147, 'bibpp_15', 'arthritic,wreaths', '2017-04-10 00:36:14', 14);
insert into envois (id, code, tags, date, id_operation) values (148, 'nrcih_47', 'protecting,spooled', '2015-01-25 00:27:26', 4);
insert into envois (id, code, tags, date, id_operation) values (149, 'jwhhz_35', 'directed,eclipse''s', '2015-05-09 22:44:06', 15);
insert into envois (id, code, tags, date, id_operation) values (150, 'vzpwu_69', null, '2017-06-30 23:26:46', 7);
insert into envois (id, code, tags, date, id_operation) values (151, 'bbtis_48', null, '2015-11-11 05:46:15', 9);
insert into envois (id, code, tags, date, id_operation) values (152, 'haysp_20', 'sabers,stepladder''s,wanton', '2018-01-20 19:10:06', 12);
insert into envois (id, code, tags, date, id_operation) values (153, 'xqeyp_30', null, '2016-07-24 19:00:32', 8);
insert into envois (id, code, tags, date, id_operation) values (154, 'qyyge_41', 'slaps,merchandise,dig''s', '2017-05-06 14:01:18', 14);
insert into envois (id, code, tags, date, id_operation) values (155, 'hsrzj_59', 'hoof,motif', '2017-09-29 18:30:25', 12);
insert into envois (id, code, tags, date, id_operation) values (156, 'oyput_45', null, '2016-02-17 18:07:22', 7);
insert into envois (id, code, tags, date, id_operation) values (157, 'oxgia_37', 'profiling,slimmest', '2015-09-06 18:19:44', 7);
insert into envois (id, code, tags, date, id_operation) values (158, 'nqaoz_51', 'matrix''s,programing', '2016-08-26 12:47:29', 7);
insert into envois (id, code, tags, date, id_operation) values (159, 'woqao_24', 'mussels,relegates,upgraded', '2016-12-15 06:53:22', 14);
insert into envois (id, code, tags, date, id_operation) values (160, 'ygscs_84', 'ache''s,troublesome', '2016-10-15 20:40:01', 2);
insert into envois (id, code, tags, date, id_operation) values (161, 'chhnk_65', null, '2017-06-05 03:27:54', 12);
insert into envois (id, code, tags, date, id_operation) values (162, 'ohgpu_01', null, '2016-12-13 21:06:58', 14);
insert into envois (id, code, tags, date, id_operation) values (163, 'wfvft_57', 'stinger''s,discount,traumata', '2017-10-05 17:19:50', 11);
insert into envois (id, code, tags, date, id_operation) values (164, 'sohtt_20', 'saluting,revealing', '2017-09-20 16:16:00', 13);
insert into envois (id, code, tags, date, id_operation) values (165, 'ahzql_37', 'encoring,guilty,wriggling', '2017-10-31 11:10:38', 13);
insert into envois (id, code, tags, date, id_operation) values (166, 'ervxe_14', 'aquariums,reminiscence''s,mollifies', '2018-01-14 05:16:36', 4);
insert into envois (id, code, tags, date, id_operation) values (167, 'dbzgl_35', null, '2017-08-08 23:56:39', 6);
insert into envois (id, code, tags, date, id_operation) values (168, 'thgyi_58', 'moped,incantation,regenerated', '2017-07-12 12:15:37', 2);
insert into envois (id, code, tags, date, id_operation) values (169, 'dlieu_54', 'tattle,customer''s', '2016-05-29 04:00:29', 6);
insert into envois (id, code, tags, date, id_operation) values (170, 'zinem_41', null, '2017-12-31 07:01:30', 10);
insert into envois (id, code, tags, date, id_operation) values (171, 'ttpax_83', 'heaven''s,carouses', '2015-06-16 05:24:38', 5);
insert into envois (id, code, tags, date, id_operation) values (172, 'fuifo_07', null, '2017-06-12 06:07:32', 15);
insert into envois (id, code, tags, date, id_operation) values (173, 'itzys_75', 'subjugates,vigil''s', '2016-05-14 00:32:47', 6);
insert into envois (id, code, tags, date, id_operation) values (174, 'mebqc_56', 'criticism''s,agonizing,writhe''s', '2017-01-27 09:10:48', 15);
insert into envois (id, code, tags, date, id_operation) values (175, 'ugoey_49', null, '2016-03-23 23:39:15', 5);
insert into envois (id, code, tags, date, id_operation) values (176, 'nlvgi_25', 'thins,rebutted', '2018-01-19 06:58:43', 11);
insert into envois (id, code, tags, date, id_operation) values (177, 'svnbx_64', 'tranquility,appreciations,tact''s', '2018-01-15 17:14:17', 9);
insert into envois (id, code, tags, date, id_operation) values (178, 'yhiis_84', 'seventeen,theorize', '2017-09-10 07:33:36', 3);
insert into envois (id, code, tags, date, id_operation) values (179, 'sjltb_99', 'process''s,paunches,aerospace''s', '2017-12-25 13:13:53', 13);
insert into envois (id, code, tags, date, id_operation) values (180, 'imtve_54', 'egoism,fatten', '2016-11-10 23:59:50', 3);
insert into envois (id, code, tags, date, id_operation) values (181, 'lkjcs_04', null, '2016-04-03 20:08:37', 5);
insert into envois (id, code, tags, date, id_operation) values (182, 'fopcf_68', 'workman,gruesomer', '2016-11-30 19:54:54', 10);
insert into envois (id, code, tags, date, id_operation) values (183, 'lrvuw_07', 'convened,amending', '2016-03-09 15:23:46', 2);
insert into envois (id, code, tags, date, id_operation) values (184, 'qgvhy_73', 'according,squadrons', '2016-01-03 14:22:19', 13);
insert into envois (id, code, tags, date, id_operation) values (185, 'zqrvc_86', 'hat''s,confession''s,arbitrary', '2015-08-26 18:55:23', 13);
insert into envois (id, code, tags, date, id_operation) values (186, 'usvln_26', null, '2017-05-21 03:11:31', 5);
insert into envois (id, code, tags, date, id_operation) values (187, 'mwygz_29', null, '2018-01-05 22:22:17', 1);
insert into envois (id, code, tags, date, id_operation) values (188, 'xfvkb_57', null, '2015-04-25 12:11:37', 7);
insert into envois (id, code, tags, date, id_operation) values (189, 'srwns_59', null, '2016-03-11 05:28:10', 7);
insert into envois (id, code, tags, date, id_operation) values (190, 'cibuq_37', 'partials,omitted', '2016-03-04 14:26:58', 7);
insert into envois (id, code, tags, date, id_operation) values (191, 'qkoai_92', 'demotions,donate,christening', '2017-11-25 19:20:04', 6);
insert into envois (id, code, tags, date, id_operation) values (192, 'quejy_64', 'junipers,corral', '2017-11-05 16:04:06', 15);
insert into envois (id, code, tags, date, id_operation) values (193, 'ctfib_24', null, '2016-01-31 19:23:50', 11);
insert into envois (id, code, tags, date, id_operation) values (194, 'oendn_05', 'smog,spiraled,sedatives', '2016-06-23 11:57:58', 4);
insert into envois (id, code, tags, date, id_operation) values (195, 'gxbya_16', 'outpatient,graph''s,stow', '2017-05-11 14:25:16', 15);
insert into envois (id, code, tags, date, id_operation) values (196, 'fnbte_16', 'metering,advancement,hesitancy''s', '2015-03-29 00:47:17', 4);
insert into envois (id, code, tags, date, id_operation) values (197, 'yxsjd_06', 'currant''s,grosser,chests', '2015-04-23 16:57:20', 10);
insert into envois (id, code, tags, date, id_operation) values (198, 'iymks_21', 'receipts,infamies', '2016-05-07 13:23:41', 8);
insert into envois (id, code, tags, date, id_operation) values (199, 'zwcay_65', null, '2016-10-16 21:05:34', 10);
insert into envois (id, code, tags, date, id_operation) values (200, 'iafzf_57', null, '2017-09-22 05:00:33', 8);

insert into appels_spoc (id, etat, date, xml_demande, json_retour, compteur_total, compteur_succes, id_envoi) values (1, 3, '2016-12-28 15:16:34', '<xml>', '[{"address":"cklosser0@icio.us","sent":false,"message":"OK"},{"address":"tskowcraft1@msu.edu","sent":false,"message":"OK"},{"address":"kyggo2@ycombinator.com","sent":false,"message":"OK"},{"address":"wroll3@cyberchimps.com","sent":false,"message":"OK"},{"address":"psproston4@mediafire.com","sent":false,"message":"OK"}]', 94, 9, 63);
insert into appels_spoc (id, etat, date, xml_demande, json_retour, compteur_total, compteur_succes, id_envoi) values (2, 4, '2017-09-03 16:24:18', '<xml>', '[{"address":"croussell0@cdbaby.com","sent":false,"message":"OK"},{"address":"gpittam1@pcworld.com","sent":true,"message":"OK"},{"address":"smartel2@intel.com","sent":false,"message":"OK"},{"address":"zerskin3@marriott.com","sent":false,"message":"OK"},{"address":"lwiggington4@mtv.com","sent":true,"message":"OK"},{"address":"fvedikhov5@deliciousdays.com","sent":false,"message":"OK"}]', 55, 55, 42);
insert into appels_spoc (id, etat, date, xml_demande, json_retour, compteur_total, compteur_succes, id_envoi) values (3, 1, '2017-08-11 14:59:24', '<xml>', '[{"address":"hallard0@cisco.com","sent":false,"message":"OK"},{"address":"kcavee1@stumbleupon.com","sent":true,"message":"OK"},{"address":"gnormant2@mlb.com","sent":true,"message":"OK"},{"address":"lalwell3@senate.gov","sent":false,"message":"OK"},{"address":"bkettlesing4@boston.com","sent":true,"message":"OK"},{"address":"gscholl5@dell.com","sent":true,"message":"OK"},{"address":"mciubutaro6@ameblo.jp","sent":false,"message":"OK"}]', 97, 56, 88);
insert into appels_spoc (id, etat, date, xml_demande, json_retour, compteur_total, compteur_succes, id_envoi) values (4, 3, '2017-08-18 18:07:22', '<xml>', '[{"address":"relsmere0@storify.com","sent":false,"message":"OK"},{"address":"akingzeth1@infoseek.co.jp","sent":false,"message":"OK"},{"address":"laspinell2@indiatimes.com","sent":true,"message":"OK"},{"address":"htweedlie3@yahoo.co.jp","sent":true,"message":"OK"}]', 37, 37, 36);
insert into appels_spoc (id, etat, date, xml_demande, json_retour, compteur_total, compteur_succes, id_envoi) values (5, 1, '2015-01-19 11:17:01', '<xml>', '[{"address":"dlalor0@kickstarter.com","sent":true,"message":"OK"},{"address":"ylavrick1@usnews.com","sent":true,"message":"OK"},{"address":"bwildblood2@cnet.com","sent":true,"message":"OK"}]', 57, 57, 27);
insert into appels_spoc (id, etat, date, xml_demande, json_retour, compteur_total, compteur_succes, id_envoi) values (6, 3, '2015-07-22 14:34:07', '<xml>', '[{"address":"clockhurst0@cnet.com","sent":true,"message":"OK"},{"address":"rwelchman1@woothemes.com","sent":true,"message":"OK"},{"address":"ewye2@hubpages.com","sent":false,"message":"OK"},{"address":"awaddam3@delicious.com","sent":true,"message":"OK"},{"address":"alamburn4@bbc.co.uk","sent":false,"message":"OK"},{"address":"acraney5@wikia.com","sent":true,"message":"OK"},{"address":"psaintepaul6@privacy.gov.au","sent":false,"message":"OK"},{"address":"bkeniwell7@trellian.com","sent":false,"message":"OK"},{"address":"mczapla8@wunderground.com","sent":false,"message":"OK"}]', 99, 26, 45);
insert into appels_spoc (id, etat, date, xml_demande, json_retour, compteur_total, compteur_succes, id_envoi) values (7, 2, '2016-12-16 16:30:38', '<xml>', '[{"address":"gcreeghan0@deliciousdays.com","sent":false,"message":"OK"},{"address":"cparcell1@sohu.com","sent":true,"message":"OK"},{"address":"atandey2@cnet.com","sent":true,"message":"OK"},{"address":"oandover3@ibm.com","sent":true,"message":"OK"},{"address":"jneedham4@flavors.me","sent":true,"message":"OK"},{"address":"dgeffen5@woothemes.com","sent":true,"message":"OK"},{"address":"gsemark6@prlog.org","sent":true,"message":"OK"},{"address":"jostick7@tripod.com","sent":true,"message":"OK"}]', 43, 32, 87);
insert into appels_spoc (id, etat, date, xml_demande, json_retour, compteur_total, compteur_succes, id_envoi) values (8, 2, '2017-06-19 10:54:53', '<xml>', '[{"address":"frobberecht0@auda.org.au","sent":true,"message":"OK"},{"address":"dlasselle1@who.int","sent":false,"message":"OK"},{"address":"jsale2@blinklist.com","sent":false,"message":"OK"},{"address":"ethirsk3@utexas.edu","sent":false,"message":"OK"},{"address":"rgilfoy4@clickbank.net","sent":false,"message":"OK"}]', 29, 29, 11);
insert into appels_spoc (id, etat, date, xml_demande, json_retour, compteur_total, compteur_succes, id_envoi) values (9, 4, '2015-05-18 01:58:13', '<xml>', '[{"address":"kervin0@google.com.au","sent":true,"message":"OK"},{"address":"nantonopoulos1@webeden.co.uk","sent":false,"message":"OK"},{"address":"gcolthurst2@vinaora.com","sent":true,"message":"OK"},{"address":"pdelea3@harvard.edu","sent":false,"message":"OK"},{"address":"bjeske4@miibeian.gov.cn","sent":false,"message":"OK"},{"address":"ncrafter5@theguardian.com","sent":true,"message":"OK"},{"address":"jstribbling6@nhs.uk","sent":true,"message":"OK"},{"address":"dcircuit7@ft.com","sent":true,"message":"OK"},{"address":"anoriega8@reuters.com","sent":true,"message":"OK"},{"address":"cwhyler9@cocolog-nifty.com","sent":false,"message":"OK"}]', 55, 55, 64);
insert into appels_spoc (id, etat, date, xml_demande, json_retour, compteur_total, compteur_succes, id_envoi) values (10, 1, '2016-02-24 11:55:11', '<xml>', '[{"address":"bpriddis0@netlog.com","sent":false,"message":"OK"},{"address":"rdurbin1@dell.com","sent":true,"message":"OK"},{"address":"ttheakston2@elpais.com","sent":false,"message":"OK"},{"address":"mrothwell3@creativecommons.org","sent":true,"message":"OK"},{"address":"nlecky4@wunderground.com","sent":false,"message":"OK"},{"address":"acourtier5@squarespace.com","sent":true,"message":"OK"},{"address":"cthinn6@addthis.com","sent":false,"message":"OK"},{"address":"smcanellye7@mozilla.org","sent":false,"message":"OK"}]', 82, 72, 88);
insert into appels_spoc (id, etat, date, xml_demande, json_retour, compteur_total, compteur_succes, id_envoi) values (11, 2, '2016-05-31 16:11:56', '<xml>', '[{"address":"adrissell0@slate.com","sent":false,"message":"OK"},{"address":"lnoone1@sun.com","sent":false,"message":"OK"},{"address":"ffairhall2@constantcontact.com","sent":true,"message":"OK"},{"address":"sdomek3@huffingtonpost.com","sent":true,"message":"OK"},{"address":"kpidler4@360.cn","sent":true,"message":"OK"},{"address":"bewin5@scribd.com","sent":false,"message":"OK"}]', 53, 53, 66);
insert into appels_spoc (id, etat, date, xml_demande, json_retour, compteur_total, compteur_succes, id_envoi) values (12, 2, '2017-08-10 12:50:34', '<xml>', '[{"address":"jsissland0@amazon.de","sent":false,"message":"OK"},{"address":"pchapple1@hubpages.com","sent":true,"message":"OK"},{"address":"mcouper2@vinaora.com","sent":true,"message":"OK"},{"address":"rmowne3@wikimedia.org","sent":true,"message":"OK"},{"address":"myard4@epa.gov","sent":true,"message":"OK"},{"address":"egodfree5@jugem.jp","sent":true,"message":"OK"},{"address":"lcoggin6@chronoengine.com","sent":false,"message":"OK"},{"address":"lbayston7@europa.eu","sent":true,"message":"OK"},{"address":"edurdle8@lulu.com","sent":true,"message":"OK"},{"address":"emasserel9@wired.com","sent":true,"message":"OK"}]', 22, 22, 65);
insert into appels_spoc (id, etat, date, xml_demande, json_retour, compteur_total, compteur_succes, id_envoi) values (13, 1, '2016-08-25 02:13:17', '<xml>', '[{"address":"zgreenaway0@wisc.edu","sent":true,"message":"OK"},{"address":"rbullin1@ed.gov","sent":false,"message":"OK"},{"address":"jgerholz2@about.com","sent":true,"message":"OK"},{"address":"asimkovitz3@bigcartel.com","sent":true,"message":"OK"},{"address":"battawell4@tumblr.com","sent":true,"message":"OK"},{"address":"dpraundlin5@java.com","sent":false,"message":"OK"},{"address":"swilkie6@liveinternet.ru","sent":true,"message":"OK"},{"address":"abuard7@etsy.com","sent":true,"message":"OK"}]', 31, 31, 13);
insert into appels_spoc (id, etat, date, xml_demande, json_retour, compteur_total, compteur_succes, id_envoi) values (14, 1, '2016-10-31 06:16:16', '<xml>', '[{"address":"tverden0@microsoft.com","sent":true,"message":"OK"},{"address":"galthorpe1@youtu.be","sent":false,"message":"OK"},{"address":"bdickerson2@uol.com.br","sent":false,"message":"OK"},{"address":"phowis3@netvibes.com","sent":false,"message":"OK"},{"address":"vrosewall4@mit.edu","sent":true,"message":"OK"}]', 61, 7, 89);
insert into appels_spoc (id, etat, date, xml_demande, json_retour, compteur_total, compteur_succes, id_envoi) values (15, 4, '2017-08-13 00:21:10', '<xml>', '[{"address":"oapple0@shareasale.com","sent":false,"message":"OK"}]', 11, 11, 28);
insert into appels_spoc (id, etat, date, xml_demande, json_retour, compteur_total, compteur_succes, id_envoi) values (16, 4, '2015-09-19 19:47:37', '<xml>', '[{"address":"chumbey0@sakura.ne.jp","sent":true,"message":"OK"},{"address":"lgaylard1@nyu.edu","sent":true,"message":"OK"},{"address":"mmacinherney2@xrea.com","sent":false,"message":"OK"},{"address":"tdiego3@digg.com","sent":true,"message":"OK"},{"address":"bdouglas4@spotify.com","sent":true,"message":"OK"},{"address":"tplain5@photobucket.com","sent":false,"message":"OK"},{"address":"rlamerton6@blogtalkradio.com","sent":true,"message":"OK"},{"address":"thorrigan7@dailymail.co.uk","sent":false,"message":"OK"}]', 90, 24, 6);
insert into appels_spoc (id, etat, date, xml_demande, json_retour, compteur_total, compteur_succes, id_envoi) values (17, 4, '2015-07-16 23:53:35', '<xml>', '[{"address":"gmelly0@scribd.com","sent":true,"message":"OK"},{"address":"bpatifield1@illinois.edu","sent":true,"message":"OK"},{"address":"wcramp2@woothemes.com","sent":false,"message":"OK"},{"address":"tstrang3@gizmodo.com","sent":true,"message":"OK"},{"address":"gfrostick4@dailymotion.com","sent":false,"message":"OK"},{"address":"iboshere5@t-online.de","sent":true,"message":"OK"}]', 6, 6, 88);
insert into appels_spoc (id, etat, date, xml_demande, json_retour, compteur_total, compteur_succes, id_envoi) values (18, 2, '2015-09-27 15:57:49', '<xml>', '[{"address":"jsheridan0@360.cn","sent":false,"message":"OK"},{"address":"omulberry1@virginia.edu","sent":false,"message":"OK"},{"address":"kwinley2@hud.gov","sent":true,"message":"OK"},{"address":"gfrearson3@jugem.jp","sent":true,"message":"OK"},{"address":"gcurneen4@mozilla.com","sent":false,"message":"OK"}]', 22, 22, 36);
insert into appels_spoc (id, etat, date, xml_demande, json_retour, compteur_total, compteur_succes, id_envoi) values (19, 4, '2015-03-21 08:18:14', '<xml>', '[{"address":"emariolle0@rakuten.co.jp","sent":true,"message":"OK"},{"address":"cizac1@usa.gov","sent":true,"message":"OK"}]', 74, 74, 54);
insert into appels_spoc (id, etat, date, xml_demande, json_retour, compteur_total, compteur_succes, id_envoi) values (20, 1, '2016-06-06 02:50:08', '<xml>', '[{"address":"mbutte0@stanford.edu","sent":true,"message":"OK"}]', 59, 2, 58);
insert into appels_spoc (id, etat, date, xml_demande, json_retour, compteur_total, compteur_succes, id_envoi) values (21, 2, '2017-08-10 21:03:23', '<xml>', '[{"address":"ncawkill0@bloglovin.com","sent":true,"message":"OK"},{"address":"lmounsey1@ebay.co.uk","sent":true,"message":"OK"},{"address":"ahankard2@wp.com","sent":false,"message":"OK"}]', 28, 28, 23);
insert into appels_spoc (id, etat, date, xml_demande, json_retour, compteur_total, compteur_succes, id_envoi) values (22, 4, '2015-06-22 13:54:47', '<xml>', '[{"address":"rdownham0@reverbnation.com","sent":false,"message":"OK"},{"address":"hjann1@stumbleupon.com","sent":true,"message":"OK"},{"address":"ptelega2@vkontakte.ru","sent":false,"message":"OK"},{"address":"fmandrier3@oracle.com","sent":false,"message":"OK"},{"address":"kmacdermot4@adobe.com","sent":false,"message":"OK"},{"address":"malexandrescu5@ovh.net","sent":true,"message":"OK"},{"address":"mmcilhone6@fotki.com","sent":true,"message":"OK"},{"address":"ndunabie7@icio.us","sent":false,"message":"OK"},{"address":"tleblanc8@istockphoto.com","sent":false,"message":"OK"}]', 65, 31, 67);
insert into appels_spoc (id, etat, date, xml_demande, json_retour, compteur_total, compteur_succes, id_envoi) values (23, 2, '2017-10-26 22:06:36', '<xml>', '[{"address":"cmacgeaney0@dyndns.org","sent":false,"message":"OK"},{"address":"abartolic1@vistaprint.com","sent":true,"message":"OK"},{"address":"aburt2@ask.com","sent":true,"message":"OK"},{"address":"fcasillas3@last.fm","sent":false,"message":"OK"},{"address":"tthomsson4@yellowbook.com","sent":true,"message":"OK"},{"address":"khughes5@yolasite.com","sent":false,"message":"OK"},{"address":"pdevey6@blogs.com","sent":false,"message":"OK"},{"address":"jness7@businessweek.com","sent":false,"message":"OK"}]', 74, 19, 6);
insert into appels_spoc (id, etat, date, xml_demande, json_retour, compteur_total, compteur_succes, id_envoi) values (24, 2, '2016-05-20 18:39:42', '<xml>', '[{"address":"cwarde0@admin.ch","sent":false,"message":"OK"}]', 76, 71, 80);
insert into appels_spoc (id, etat, date, xml_demande, json_retour, compteur_total, compteur_succes, id_envoi) values (25, 4, '2017-08-24 17:00:55', '<xml>', '[{"address":"hcornils0@ovh.net","sent":false,"message":"OK"},{"address":"tnutbeam1@nasa.gov","sent":true,"message":"OK"},{"address":"gpreece2@marketwatch.com","sent":false,"message":"OK"},{"address":"dbeare3@bloglines.com","sent":false,"message":"OK"},{"address":"rcoye4@mapquest.com","sent":false,"message":"OK"},{"address":"psotheby5@un.org","sent":false,"message":"OK"},{"address":"spickin6@ustream.tv","sent":true,"message":"OK"}]', 28, 3, 56);
insert into appels_spoc (id, etat, date, xml_demande, json_retour, compteur_total, compteur_succes, id_envoi) values (26, 3, '2016-08-30 17:58:20', '<xml>', '[{"address":"ainston0@nps.gov","sent":false,"message":"OK"},{"address":"ehalls1@is.gd","sent":true,"message":"OK"},{"address":"rkoenen2@hibu.com","sent":false,"message":"OK"},{"address":"acreboe3@comcast.net","sent":true,"message":"OK"},{"address":"ddudding4@lycos.com","sent":true,"message":"OK"},{"address":"tcoushe5@rakuten.co.jp","sent":true,"message":"OK"},{"address":"nhosby6@home.pl","sent":true,"message":"OK"},{"address":"anerger7@webeden.co.uk","sent":false,"message":"OK"},{"address":"pfeatherstonhalgh8@elegantthemes.com","sent":true,"message":"OK"}]', 14, 14, 95);
insert into appels_spoc (id, etat, date, xml_demande, json_retour, compteur_total, compteur_succes, id_envoi) values (27, 3, '2017-06-03 06:36:22', '<xml>', '[{"address":"mcalderonello0@youtu.be","sent":false,"message":"OK"},{"address":"rfarrear1@behance.net","sent":true,"message":"OK"}]', 67, 63, 88);
insert into appels_spoc (id, etat, date, xml_demande, json_retour, compteur_total, compteur_succes, id_envoi) values (28, 2, '2017-04-17 18:59:08', '<xml>', '[{"address":"apeschmann0@prnewswire.com","sent":true,"message":"OK"},{"address":"dchatwood1@pagesperso-orange.fr","sent":true,"message":"OK"},{"address":"tianno2@army.mil","sent":false,"message":"OK"},{"address":"bpiele3@cam.ac.uk","sent":false,"message":"OK"},{"address":"fdeambrosis4@lycos.com","sent":true,"message":"OK"},{"address":"ssturmey5@plala.or.jp","sent":true,"message":"OK"},{"address":"jbearne6@over-blog.com","sent":false,"message":"OK"},{"address":"eclaasen7@elpais.com","sent":false,"message":"OK"},{"address":"hdaout8@biblegateway.com","sent":true,"message":"OK"}]', 95, 80, 38);
insert into appels_spoc (id, etat, date, xml_demande, json_retour, compteur_total, compteur_succes, id_envoi) values (29, 3, '2017-04-25 16:21:31', '<xml>', '[{"address":"mkingston0@prweb.com","sent":true,"message":"OK"},{"address":"ljenne1@xinhuanet.com","sent":true,"message":"OK"},{"address":"jcritchard2@chronoengine.com","sent":false,"message":"OK"},{"address":"vjenne3@people.com.cn","sent":true,"message":"OK"},{"address":"ibounde4@google.nl","sent":true,"message":"OK"},{"address":"dhealey5@typepad.com","sent":true,"message":"OK"},{"address":"cpapachristophorou6@aboutads.info","sent":true,"message":"OK"},{"address":"mbartoleyn7@nationalgeographic.com","sent":true,"message":"OK"},{"address":"dhodinton8@g.co","sent":true,"message":"OK"},{"address":"tgreim9@springer.com","sent":true,"message":"OK"}]', 53, 21, 53);
insert into appels_spoc (id, etat, date, xml_demande, json_retour, compteur_total, compteur_succes, id_envoi) values (30, 3, '2017-04-13 10:49:33', '<xml>', '[{"address":"ielflain0@cbsnews.com","sent":true,"message":"OK"},{"address":"jisacq1@chicagotribune.com","sent":true,"message":"OK"},{"address":"alayton2@nps.gov","sent":true,"message":"OK"},{"address":"jmeese3@google.com.br","sent":true,"message":"OK"}]', 20, 20, 44);
insert into appels_spoc (id, etat, date, xml_demande, json_retour, compteur_total, compteur_succes, id_envoi) values (31, 1, '2016-07-18 07:03:35', '<xml>', '[{"address":"fmegainey0@msu.edu","sent":false,"message":"OK"},{"address":"adowd1@wikia.com","sent":true,"message":"OK"},{"address":"tpendell2@cmu.edu","sent":true,"message":"OK"}]', 68, 61, 5);
insert into appels_spoc (id, etat, date, xml_demande, json_retour, compteur_total, compteur_succes, id_envoi) values (32, 1, '2016-10-28 00:25:44', '<xml>', '[{"address":"ahowsan0@mozilla.com","sent":true,"message":"OK"},{"address":"wclay1@jimdo.com","sent":false,"message":"OK"},{"address":"otomaszewicz2@1688.com","sent":true,"message":"OK"},{"address":"dcardero3@wisc.edu","sent":true,"message":"OK"},{"address":"rmckiernan4@oakley.com","sent":false,"message":"OK"}]', 2, 2, 82);
insert into appels_spoc (id, etat, date, xml_demande, json_retour, compteur_total, compteur_succes, id_envoi) values (33, 3, '2017-05-30 12:29:06', '<xml>', '[{"address":"mmoye0@so-net.ne.jp","sent":true,"message":"OK"},{"address":"rantonutti1@arizona.edu","sent":true,"message":"OK"},{"address":"reverington2@privacy.gov.au","sent":true,"message":"OK"}]', 14, 4, 44);
insert into appels_spoc (id, etat, date, xml_demande, json_retour, compteur_total, compteur_succes, id_envoi) values (34, 4, '2016-07-24 10:34:59', '<xml>', '[{"address":"hleveret0@tinypic.com","sent":false,"message":"OK"},{"address":"smacenelly1@webmd.com","sent":false,"message":"OK"},{"address":"sheakins2@bloglines.com","sent":true,"message":"OK"},{"address":"gwain3@sbwire.com","sent":false,"message":"OK"},{"address":"cfills4@disqus.com","sent":true,"message":"OK"},{"address":"pwilmore5@twitter.com","sent":true,"message":"OK"}]', 55, 11, 56);
insert into appels_spoc (id, etat, date, xml_demande, json_retour, compteur_total, compteur_succes, id_envoi) values (35, 1, '2016-02-16 22:51:25', '<xml>', '[{"address":"lcumberland0@t-online.de","sent":false,"message":"OK"},{"address":"gneller1@narod.ru","sent":true,"message":"OK"},{"address":"lrowdell2@about.com","sent":true,"message":"OK"},{"address":"kmulvany3@pbs.org","sent":false,"message":"OK"},{"address":"bfoynes4@flavors.me","sent":true,"message":"OK"},{"address":"sharland5@cargocollective.com","sent":true,"message":"OK"}]', 70, 55, 79);
insert into appels_spoc (id, etat, date, xml_demande, json_retour, compteur_total, compteur_succes, id_envoi) values (36, 1, '2015-08-16 22:16:24', '<xml>', '[{"address":"rrabb0@timesonline.co.uk","sent":true,"message":"OK"},{"address":"mmees1@merriam-webster.com","sent":false,"message":"OK"},{"address":"cswetmore2@nasa.gov","sent":true,"message":"OK"},{"address":"mklicher3@rediff.com","sent":false,"message":"OK"},{"address":"ngoodhall4@yellowpages.com","sent":true,"message":"OK"},{"address":"achristophle5@ifeng.com","sent":true,"message":"OK"}]', 49, 30, 17);
insert into appels_spoc (id, etat, date, xml_demande, json_retour, compteur_total, compteur_succes, id_envoi) values (37, 2, '2015-11-03 07:19:14', '<xml>', '[{"address":"yfellowes0@vimeo.com","sent":true,"message":"OK"}]', 37, 11, 36);
insert into appels_spoc (id, etat, date, xml_demande, json_retour, compteur_total, compteur_succes, id_envoi) values (38, 1, '2016-02-14 23:27:23', '<xml>', '[{"address":"mdezamora0@msn.com","sent":true,"message":"OK"},{"address":"ccramb1@yellowpages.com","sent":false,"message":"OK"},{"address":"kglanert2@angelfire.com","sent":true,"message":"OK"},{"address":"codby3@irs.gov","sent":true,"message":"OK"},{"address":"wwillisch4@illinois.edu","sent":true,"message":"OK"},{"address":"xdwire5@nih.gov","sent":false,"message":"OK"},{"address":"abeefon6@wsj.com","sent":false,"message":"OK"}]', 59, 59, 62);
insert into appels_spoc (id, etat, date, xml_demande, json_retour, compteur_total, compteur_succes, id_envoi) values (39, 4, '2016-10-08 03:49:59', '<xml>', '[{"address":"dmcardell0@tumblr.com","sent":false,"message":"OK"},{"address":"cvasilchikov1@newsvine.com","sent":false,"message":"OK"},{"address":"cachromov2@behance.net","sent":false,"message":"OK"},{"address":"vmazonowicz3@vinaora.com","sent":true,"message":"OK"},{"address":"hkirkbride4@lycos.com","sent":true,"message":"OK"},{"address":"zseabourne5@squidoo.com","sent":true,"message":"OK"},{"address":"pdeinhard6@icq.com","sent":false,"message":"OK"},{"address":"clinke7@google.ru","sent":true,"message":"OK"}]', 53, 49, 92);
insert into appels_spoc (id, etat, date, xml_demande, json_retour, compteur_total, compteur_succes, id_envoi) values (40, 4, '2016-09-15 16:08:50', '<xml>', '[{"address":"awagen0@ibm.com","sent":false,"message":"OK"},{"address":"rangliss1@google.com","sent":false,"message":"OK"},{"address":"mpaige2@webeden.co.uk","sent":false,"message":"OK"},{"address":"aclougher3@gnu.org","sent":true,"message":"OK"}]', 98, 38, 46);
insert into appels_spoc (id, etat, date, xml_demande, json_retour, compteur_total, compteur_succes, id_envoi) values (41, 2, '2017-02-23 21:00:43', '<xml>', '[{"address":"mcassie0@slideshare.net","sent":false,"message":"OK"},{"address":"nhanscome1@delicious.com","sent":true,"message":"OK"},{"address":"wdouse2@dion.ne.jp","sent":false,"message":"OK"},{"address":"cnoli3@umich.edu","sent":false,"message":"OK"},{"address":"mtemporal4@xinhuanet.com","sent":true,"message":"OK"},{"address":"akondratenya5@com.com","sent":true,"message":"OK"},{"address":"bmillican6@live.com","sent":true,"message":"OK"},{"address":"jbleackley7@taobao.com","sent":true,"message":"OK"}]', 25, 25, 57);
insert into appels_spoc (id, etat, date, xml_demande, json_retour, compteur_total, compteur_succes, id_envoi) values (42, 3, '2017-08-18 14:44:27', '<xml>', '[{"address":"bhadny0@google.co.uk","sent":false,"message":"OK"},{"address":"plongworthy1@cdbaby.com","sent":false,"message":"OK"},{"address":"bbrennen2@facebook.com","sent":false,"message":"OK"},{"address":"jdaout3@tamu.edu","sent":true,"message":"OK"},{"address":"dkingdom4@earthlink.net","sent":true,"message":"OK"},{"address":"rvaun5@mysql.com","sent":false,"message":"OK"},{"address":"dpickle6@123-reg.co.uk","sent":false,"message":"OK"},{"address":"hmobius7@360.cn","sent":false,"message":"OK"},{"address":"dplews8@com.com","sent":false,"message":"OK"}]', 32, 32, 58);
insert into appels_spoc (id, etat, date, xml_demande, json_retour, compteur_total, compteur_succes, id_envoi) values (43, 2, '2015-11-09 10:24:46', '<xml>', '[{"address":"njedrzej0@facebook.com","sent":true,"message":"OK"},{"address":"ttejero1@instagram.com","sent":true,"message":"OK"},{"address":"phenrique2@jalbum.net","sent":false,"message":"OK"},{"address":"kbeltzner3@marketwatch.com","sent":true,"message":"OK"},{"address":"mdrawmer4@go.com","sent":true,"message":"OK"},{"address":"fabreheart5@addthis.com","sent":false,"message":"OK"}]', 53, 35, 62);
insert into appels_spoc (id, etat, date, xml_demande, json_retour, compteur_total, compteur_succes, id_envoi) values (44, 3, '2015-06-05 09:55:31', '<xml>', '[{"address":"madamec0@pcworld.com","sent":false,"message":"OK"},{"address":"ychaudrelle1@about.com","sent":false,"message":"OK"}]', 46, 34, 76);
insert into appels_spoc (id, etat, date, xml_demande, json_retour, compteur_total, compteur_succes, id_envoi) values (45, 2, '2016-01-29 06:24:20', '<xml>', '[{"address":"akovalski0@tmall.com","sent":false,"message":"OK"},{"address":"swhiting1@cloudflare.com","sent":true,"message":"OK"},{"address":"nkidder2@google.cn","sent":true,"message":"OK"},{"address":"dgaveltone3@amazonaws.com","sent":false,"message":"OK"},{"address":"ckairns4@t-online.de","sent":false,"message":"OK"},{"address":"jscales5@google.com","sent":false,"message":"OK"},{"address":"kbarclay6@ameblo.jp","sent":true,"message":"OK"},{"address":"wpendered7@house.gov","sent":true,"message":"OK"}]', 70, 70, 55);
insert into appels_spoc (id, etat, date, xml_demande, json_retour, compteur_total, compteur_succes, id_envoi) values (46, 3, '2016-02-22 00:14:40', '<xml>', '[{"address":"jforsythe0@123-reg.co.uk","sent":false,"message":"OK"}]', 70, 37, 83);
insert into appels_spoc (id, etat, date, xml_demande, json_retour, compteur_total, compteur_succes, id_envoi) values (47, 3, '2015-12-28 06:34:58', '<xml>', '[{"address":"lsurgenor0@bbb.org","sent":true,"message":"OK"},{"address":"fgiles1@google.cn","sent":false,"message":"OK"},{"address":"ccallow2@elpais.com","sent":true,"message":"OK"},{"address":"hsprakes3@nps.gov","sent":false,"message":"OK"},{"address":"rcarnock4@ehow.com","sent":false,"message":"OK"},{"address":"mmcaree5@icq.com","sent":true,"message":"OK"},{"address":"mgiampietro6@reuters.com","sent":true,"message":"OK"},{"address":"acolbran7@unblog.fr","sent":true,"message":"OK"},{"address":"bjirak8@webnode.com","sent":false,"message":"OK"},{"address":"ngosnay9@wisc.edu","sent":false,"message":"OK"}]', 4, 4, 55);
insert into appels_spoc (id, etat, date, xml_demande, json_retour, compteur_total, compteur_succes, id_envoi) values (48, 3, '2015-12-14 00:26:26', '<xml>', '[{"address":"dcambling0@storify.com","sent":false,"message":"OK"},{"address":"byantsev1@slashdot.org","sent":true,"message":"OK"},{"address":"rasken2@sbwire.com","sent":false,"message":"OK"},{"address":"ttudbald3@google.co.uk","sent":true,"message":"OK"},{"address":"nubach4@fema.gov","sent":false,"message":"OK"}]', 81, 16, 41);
insert into appels_spoc (id, etat, date, xml_demande, json_retour, compteur_total, compteur_succes, id_envoi) values (49, 4, '2015-10-19 06:54:17', '<xml>', '[{"address":"rstoyle0@princeton.edu","sent":false,"message":"OK"},{"address":"yroden1@amazon.co.jp","sent":true,"message":"OK"},{"address":"rbarnfather2@nytimes.com","sent":false,"message":"OK"},{"address":"bsutch3@booking.com","sent":true,"message":"OK"},{"address":"cjanssens4@eepurl.com","sent":true,"message":"OK"},{"address":"bhostan5@mac.com","sent":false,"message":"OK"},{"address":"mwannes6@cmu.edu","sent":false,"message":"OK"},{"address":"alynam7@phpbb.com","sent":true,"message":"OK"},{"address":"rmcveighty8@walmart.com","sent":true,"message":"OK"}]', 18, 18, 35);
insert into appels_spoc (id, etat, date, xml_demande, json_retour, compteur_total, compteur_succes, id_envoi) values (50, 4, '2017-07-05 16:03:41', '<xml>', '[{"address":"rsyce0@berkeley.edu","sent":true,"message":"OK"},{"address":"ybyass1@ihg.com","sent":false,"message":"OK"},{"address":"mhorsley2@about.com","sent":true,"message":"OK"},{"address":"dbrosi3@opensource.org","sent":true,"message":"OK"},{"address":"ccantle4@blogtalkradio.com","sent":false,"message":"OK"}]', 83, 11, 73);
insert into appels_spoc (id, etat, date, xml_demande, json_retour, compteur_total, compteur_succes, id_envoi) values (51, 2, '2017-11-13 02:49:17', '<xml>', '[{"address":"qsprowle0@is.gd","sent":false,"message":"OK"},{"address":"madcock1@booking.com","sent":false,"message":"OK"},{"address":"cmerigot2@psu.edu","sent":true,"message":"OK"},{"address":"pfrank3@cdc.gov","sent":true,"message":"OK"},{"address":"nipwell4@mysql.com","sent":true,"message":"OK"},{"address":"clanney5@discovery.com","sent":true,"message":"OK"},{"address":"lshawcross6@scribd.com","sent":true,"message":"OK"}]', 57, 21, 48);
insert into appels_spoc (id, etat, date, xml_demande, json_retour, compteur_total, compteur_succes, id_envoi) values (52, 4, '2017-06-26 23:13:00', '<xml>', '[{"address":"astraughan0@unc.edu","sent":true,"message":"OK"},{"address":"bwrixon1@google.com.hk","sent":false,"message":"OK"},{"address":"hrottgers2@hud.gov","sent":false,"message":"OK"},{"address":"dlabbet3@netlog.com","sent":false,"message":"OK"},{"address":"ssharpless4@wp.com","sent":false,"message":"OK"},{"address":"cmackrill5@nih.gov","sent":true,"message":"OK"},{"address":"dnoteyoung6@1688.com","sent":true,"message":"OK"}]', 96, 89, 76);
insert into appels_spoc (id, etat, date, xml_demande, json_retour, compteur_total, compteur_succes, id_envoi) values (53, 3, '2016-12-14 22:25:06', '<xml>', '[{"address":"wmitcham0@apple.com","sent":false,"message":"OK"},{"address":"egreenhow1@dailymotion.com","sent":true,"message":"OK"},{"address":"cgabitis2@psu.edu","sent":false,"message":"OK"}]', 73, 22, 56);
insert into appels_spoc (id, etat, date, xml_demande, json_retour, compteur_total, compteur_succes, id_envoi) values (54, 2, '2016-09-17 06:04:14', '<xml>', '[{"address":"mbootell0@examiner.com","sent":true,"message":"OK"}]', 95, 31, 12);
insert into appels_spoc (id, etat, date, xml_demande, json_retour, compteur_total, compteur_succes, id_envoi) values (55, 2, '2016-11-08 03:30:26', '<xml>', '[{"address":"jkeysall0@netlog.com","sent":true,"message":"OK"},{"address":"adurdy1@parallels.com","sent":false,"message":"OK"},{"address":"grosengarten2@wordpress.org","sent":false,"message":"OK"},{"address":"mgoucher3@hubpages.com","sent":true,"message":"OK"}]', 77, 45, 47);
insert into appels_spoc (id, etat, date, xml_demande, json_retour, compteur_total, compteur_succes, id_envoi) values (56, 2, '2016-11-20 08:58:26', '<xml>', '[{"address":"mbeetlestone0@biblegateway.com","sent":false,"message":"OK"},{"address":"asibthorp1@mozilla.com","sent":false,"message":"OK"},{"address":"esiderfin2@mediafire.com","sent":true,"message":"OK"},{"address":"ptendahl3@jiathis.com","sent":false,"message":"OK"},{"address":"jnash4@elegantthemes.com","sent":false,"message":"OK"},{"address":"vwheble5@linkedin.com","sent":false,"message":"OK"},{"address":"hraselles6@indiatimes.com","sent":true,"message":"OK"},{"address":"kskews7@is.gd","sent":true,"message":"OK"}]', 69, 69, 10);
insert into appels_spoc (id, etat, date, xml_demande, json_retour, compteur_total, compteur_succes, id_envoi) values (57, 4, '2015-09-16 12:44:59', '<xml>', '[{"address":"schrippes0@foxnews.com","sent":true,"message":"OK"},{"address":"jgrigorescu1@istockphoto.com","sent":true,"message":"OK"},{"address":"kseathwright2@china.com.cn","sent":true,"message":"OK"},{"address":"pchisman3@theglobeandmail.com","sent":false,"message":"OK"},{"address":"cfeitosa4@pbs.org","sent":false,"message":"OK"},{"address":"jruzek5@wix.com","sent":true,"message":"OK"},{"address":"kwartnaby6@chicagotribune.com","sent":true,"message":"OK"},{"address":"jcanadas7@va.gov","sent":true,"message":"OK"},{"address":"sjulyan8@europa.eu","sent":true,"message":"OK"}]', 72, 72, 31);
insert into appels_spoc (id, etat, date, xml_demande, json_retour, compteur_total, compteur_succes, id_envoi) values (58, 4, '2016-02-11 11:49:15', '<xml>', '[{"address":"ibrideaux0@google.co.jp","sent":true,"message":"OK"}]', 3, 3, 71);
insert into appels_spoc (id, etat, date, xml_demande, json_retour, compteur_total, compteur_succes, id_envoi) values (59, 3, '2017-08-06 19:40:32', '<xml>', '[{"address":"morton0@tumblr.com","sent":true,"message":"OK"},{"address":"vkilgallon1@discovery.com","sent":false,"message":"OK"},{"address":"jfaherty2@devhub.com","sent":true,"message":"OK"},{"address":"cedler3@icio.us","sent":false,"message":"OK"},{"address":"lglen4@chicagotribune.com","sent":false,"message":"OK"},{"address":"pteal5@marriott.com","sent":false,"message":"OK"},{"address":"iquidenham6@typepad.com","sent":true,"message":"OK"},{"address":"jdecourt7@illinois.edu","sent":false,"message":"OK"},{"address":"hbrymham8@booking.com","sent":false,"message":"OK"}]', 1, 1, 98);
insert into appels_spoc (id, etat, date, xml_demande, json_retour, compteur_total, compteur_succes, id_envoi) values (60, 4, '2017-02-14 16:23:11', '<xml>', '[{"address":"cmoxson0@infoseek.co.jp","sent":false,"message":"OK"},{"address":"sboatswain1@macromedia.com","sent":true,"message":"OK"},{"address":"ndrever2@kickstarter.com","sent":true,"message":"OK"},{"address":"lcoleford3@eepurl.com","sent":false,"message":"OK"},{"address":"mourry4@addtoany.com","sent":false,"message":"OK"}]', 91, 9, 27);
insert into appels_spoc (id, etat, date, xml_demande, json_retour, compteur_total, compteur_succes, id_envoi) values (61, 2, '2016-03-07 00:51:20', '<xml>', '[{"address":"rgosforth0@baidu.com","sent":true,"message":"OK"},{"address":"cmccrainor1@npr.org","sent":false,"message":"OK"},{"address":"thavelin2@weather.com","sent":true,"message":"OK"}]', 56, 17, 44);
insert into appels_spoc (id, etat, date, xml_demande, json_retour, compteur_total, compteur_succes, id_envoi) values (62, 3, '2015-02-05 23:35:47', '<xml>', '[{"address":"mronci0@cpanel.net","sent":true,"message":"OK"},{"address":"fmableson1@netvibes.com","sent":false,"message":"OK"},{"address":"pgrzesiak2@storify.com","sent":false,"message":"OK"},{"address":"emacgiffin3@moonfruit.com","sent":true,"message":"OK"},{"address":"lyakolev4@gizmodo.com","sent":true,"message":"OK"},{"address":"nsweeny5@wordpress.com","sent":false,"message":"OK"},{"address":"sbarr6@qq.com","sent":true,"message":"OK"},{"address":"thatherley7@scribd.com","sent":false,"message":"OK"},{"address":"upresho8@moonfruit.com","sent":true,"message":"OK"},{"address":"dsuddards9@last.fm","sent":true,"message":"OK"}]', 40, 40, 98);
insert into appels_spoc (id, etat, date, xml_demande, json_retour, compteur_total, compteur_succes, id_envoi) values (63, 2, '2015-03-30 02:14:23', '<xml>', '[{"address":"bgrigolli0@chronoengine.com","sent":true,"message":"OK"},{"address":"lokeaveny1@linkedin.com","sent":true,"message":"OK"},{"address":"egower2@over-blog.com","sent":false,"message":"OK"},{"address":"kdallosso3@nasa.gov","sent":false,"message":"OK"},{"address":"edubble4@illinois.edu","sent":true,"message":"OK"},{"address":"labbati5@posterous.com","sent":true,"message":"OK"},{"address":"egout6@indiatimes.com","sent":false,"message":"OK"},{"address":"ebreslauer7@cmu.edu","sent":true,"message":"OK"},{"address":"vcollumbine8@ebay.co.uk","sent":false,"message":"OK"},{"address":"jcosin9@nih.gov","sent":true,"message":"OK"}]', 37, 37, 2);
insert into appels_spoc (id, etat, date, xml_demande, json_retour, compteur_total, compteur_succes, id_envoi) values (64, 3, '2015-12-15 00:03:09', '<xml>', '[{"address":"frakestraw0@blogs.com","sent":true,"message":"OK"},{"address":"nhallum1@symantec.com","sent":true,"message":"OK"}]', 87, 87, 60);
insert into appels_spoc (id, etat, date, xml_demande, json_retour, compteur_total, compteur_succes, id_envoi) values (65, 2, '2015-06-09 07:35:16', '<xml>', '[{"address":"jdallaway0@google.fr","sent":true,"message":"OK"},{"address":"risaak1@columbia.edu","sent":false,"message":"OK"},{"address":"ptremblett2@google.com.br","sent":true,"message":"OK"},{"address":"gdanilishin3@ezinearticles.com","sent":true,"message":"OK"},{"address":"mshowl4@hatena.ne.jp","sent":false,"message":"OK"},{"address":"ggatecliff5@wordpress.com","sent":false,"message":"OK"},{"address":"ralabaster6@barnesandnoble.com","sent":false,"message":"OK"},{"address":"stompkinson7@howstuffworks.com","sent":true,"message":"OK"},{"address":"northmann8@ft.com","sent":true,"message":"OK"}]', 4, 4, 13);
insert into appels_spoc (id, etat, date, xml_demande, json_retour, compteur_total, compteur_succes, id_envoi) values (66, 4, '2017-03-18 06:00:25', '<xml>', '[{"address":"kesparza0@cbslocal.com","sent":false,"message":"OK"},{"address":"ksilverman1@house.gov","sent":true,"message":"OK"},{"address":"cklauer2@bloglines.com","sent":false,"message":"OK"},{"address":"gcalderon3@tamu.edu","sent":false,"message":"OK"},{"address":"ableesing4@feedburner.com","sent":false,"message":"OK"},{"address":"fsandercock5@mail.ru","sent":true,"message":"OK"},{"address":"gmontrose6@arizona.edu","sent":false,"message":"OK"},{"address":"lfowkes7@freewebs.com","sent":false,"message":"OK"}]', 61, 30, 34);
insert into appels_spoc (id, etat, date, xml_demande, json_retour, compteur_total, compteur_succes, id_envoi) values (67, 3, '2017-06-18 02:05:44', '<xml>', '[{"address":"mheild0@canalblog.com","sent":false,"message":"OK"},{"address":"strustram1@merriam-webster.com","sent":true,"message":"OK"}]', 93, 35, 98);
insert into appels_spoc (id, etat, date, xml_demande, json_retour, compteur_total, compteur_succes, id_envoi) values (68, 3, '2016-04-25 05:40:21', '<xml>', '[{"address":"fkemston0@cnet.com","sent":false,"message":"OK"},{"address":"dhulland1@cnbc.com","sent":true,"message":"OK"},{"address":"llawley2@dropbox.com","sent":true,"message":"OK"},{"address":"cfeehely3@omniture.com","sent":false,"message":"OK"},{"address":"ccoldrick4@nyu.edu","sent":true,"message":"OK"},{"address":"dminghetti5@admin.ch","sent":true,"message":"OK"},{"address":"dianetti6@nih.gov","sent":false,"message":"OK"},{"address":"greagan7@oaic.gov.au","sent":true,"message":"OK"},{"address":"jabramovic8@sciencedaily.com","sent":false,"message":"OK"}]', 97, 97, 22);
insert into appels_spoc (id, etat, date, xml_demande, json_retour, compteur_total, compteur_succes, id_envoi) values (69, 2, '2015-11-27 16:07:40', '<xml>', '[{"address":"vjurisch0@github.com","sent":false,"message":"OK"},{"address":"golenechan1@utexas.edu","sent":true,"message":"OK"},{"address":"ierrett2@bizjournals.com","sent":true,"message":"OK"},{"address":"rgiffaut3@nytimes.com","sent":false,"message":"OK"},{"address":"djahnig4@sfgate.com","sent":true,"message":"OK"},{"address":"crickson5@studiopress.com","sent":false,"message":"OK"},{"address":"aportriss6@ox.ac.uk","sent":false,"message":"OK"},{"address":"gjannaway7@cloudflare.com","sent":false,"message":"OK"}]', 36, 33, 38);
insert into appels_spoc (id, etat, date, xml_demande, json_retour, compteur_total, compteur_succes, id_envoi) values (70, 2, '2016-10-14 10:01:02', '<xml>', '[{"address":"nfoan0@tuttocitta.it","sent":false,"message":"OK"},{"address":"cmillam1@hao123.com","sent":false,"message":"OK"},{"address":"agonin2@shop-pro.jp","sent":true,"message":"OK"},{"address":"wdowglass3@indiegogo.com","sent":false,"message":"OK"},{"address":"erobichon4@nps.gov","sent":false,"message":"OK"},{"address":"mlinsey5@cargocollective.com","sent":true,"message":"OK"},{"address":"jwickersley6@sogou.com","sent":true,"message":"OK"},{"address":"gshilstone7@jimdo.com","sent":true,"message":"OK"},{"address":"cingarfield8@xing.com","sent":true,"message":"OK"},{"address":"mpurcell9@liveinternet.ru","sent":false,"message":"OK"}]', 77, 64, 83);
insert into appels_spoc (id, etat, date, xml_demande, json_retour, compteur_total, compteur_succes, id_envoi) values (71, 3, '2015-11-14 10:57:39', '<xml>', '[{"address":"ebradane0@chronoengine.com","sent":true,"message":"OK"},{"address":"fmulcaster1@pinterest.com","sent":true,"message":"OK"},{"address":"rluno2@mayoclinic.com","sent":false,"message":"OK"}]', 73, 37, 40);
insert into appels_spoc (id, etat, date, xml_demande, json_retour, compteur_total, compteur_succes, id_envoi) values (72, 3, '2015-04-10 18:12:52', '<xml>', '[{"address":"tchape0@icq.com","sent":false,"message":"OK"},{"address":"rspilsburie1@wiley.com","sent":true,"message":"OK"},{"address":"rcoghlan2@geocities.jp","sent":false,"message":"OK"},{"address":"hwickes3@yellowpages.com","sent":true,"message":"OK"},{"address":"faucock4@com.com","sent":true,"message":"OK"},{"address":"rgeffen5@sciencedirect.com","sent":true,"message":"OK"},{"address":"scomettoi6@nyu.edu","sent":false,"message":"OK"}]', 72, 10, 80);
insert into appels_spoc (id, etat, date, xml_demande, json_retour, compteur_total, compteur_succes, id_envoi) values (73, 3, '2015-10-03 16:02:34', '<xml>', '[{"address":"jinett0@rediff.com","sent":false,"message":"OK"}]', 81, 76, 50);
insert into appels_spoc (id, etat, date, xml_demande, json_retour, compteur_total, compteur_succes, id_envoi) values (74, 3, '2016-04-27 09:26:57', '<xml>', '[{"address":"lgirault0@fc2.com","sent":false,"message":"OK"},{"address":"sbengal1@webeden.co.uk","sent":false,"message":"OK"},{"address":"bgonin2@google.ca","sent":false,"message":"OK"},{"address":"jnerney3@vistaprint.com","sent":false,"message":"OK"},{"address":"bbatchelor4@cocolog-nifty.com","sent":false,"message":"OK"},{"address":"esawney5@answers.com","sent":true,"message":"OK"},{"address":"jmcgorley6@wikipedia.org","sent":false,"message":"OK"}]', 86, 16, 80);
insert into appels_spoc (id, etat, date, xml_demande, json_retour, compteur_total, compteur_succes, id_envoi) values (75, 1, '2015-11-03 00:53:15', '<xml>', '[{"address":"ubrimacombe0@vkontakte.ru","sent":false,"message":"OK"},{"address":"syantsev1@de.vu","sent":true,"message":"OK"},{"address":"gismay2@live.com","sent":true,"message":"OK"},{"address":"cpapierz3@seesaa.net","sent":false,"message":"OK"},{"address":"blamond4@last.fm","sent":false,"message":"OK"}]', 75, 65, 82);
insert into appels_spoc (id, etat, date, xml_demande, json_retour, compteur_total, compteur_succes, id_envoi) values (76, 1, '2016-09-04 05:43:29', '<xml>', '[{"address":"fiacabucci0@weebly.com","sent":false,"message":"OK"},{"address":"hstaines1@dot.gov","sent":true,"message":"OK"},{"address":"lzanre2@mail.ru","sent":false,"message":"OK"},{"address":"chucker3@facebook.com","sent":false,"message":"OK"},{"address":"mriordan4@cbslocal.com","sent":false,"message":"OK"},{"address":"jmccaull5@mapy.cz","sent":true,"message":"OK"}]', 18, 11, 47);
insert into appels_spoc (id, etat, date, xml_demande, json_retour, compteur_total, compteur_succes, id_envoi) values (77, 2, '2015-07-18 21:54:45', '<xml>', '[{"address":"jnielson0@mediafire.com","sent":false,"message":"OK"},{"address":"achander1@cloudflare.com","sent":true,"message":"OK"}]', 100, 50, 16);
insert into appels_spoc (id, etat, date, xml_demande, json_retour, compteur_total, compteur_succes, id_envoi) values (78, 4, '2018-01-12 04:14:11', '<xml>', '[{"address":"enattrass0@goo.ne.jp","sent":false,"message":"OK"},{"address":"bleppo1@earthlink.net","sent":true,"message":"OK"}]', 76, 27, 73);
insert into appels_spoc (id, etat, date, xml_demande, json_retour, compteur_total, compteur_succes, id_envoi) values (79, 1, '2015-03-26 04:22:36', '<xml>', '[{"address":"glott0@rambler.ru","sent":false,"message":"OK"},{"address":"tmcgifford1@ucoz.com","sent":false,"message":"OK"},{"address":"dwarman2@dagondesign.com","sent":false,"message":"OK"},{"address":"sfaint3@epa.gov","sent":true,"message":"OK"},{"address":"belsey4@desdev.cn","sent":true,"message":"OK"},{"address":"mgrigsby5@wiley.com","sent":false,"message":"OK"},{"address":"kszymanski6@moonfruit.com","sent":false,"message":"OK"},{"address":"ifann7@google.ca","sent":true,"message":"OK"},{"address":"cdoley8@ted.com","sent":false,"message":"OK"}]', 65, 23, 92);
insert into appels_spoc (id, etat, date, xml_demande, json_retour, compteur_total, compteur_succes, id_envoi) values (80, 1, '2015-06-12 12:35:48', '<xml>', '[{"address":"pjoris0@w3.org","sent":true,"message":"OK"},{"address":"cangus1@icq.com","sent":true,"message":"OK"},{"address":"mjuanes2@sciencedaily.com","sent":false,"message":"OK"},{"address":"wragot3@taobao.com","sent":false,"message":"OK"},{"address":"dvines4@dagondesign.com","sent":false,"message":"OK"},{"address":"tdanzig5@ihg.com","sent":false,"message":"OK"}]', 92, 62, 83);
insert into appels_spoc (id, etat, date, xml_demande, json_retour, compteur_total, compteur_succes, id_envoi) values (81, 1, '2015-01-17 01:17:39', '<xml>', '[{"address":"tlorenzo0@ca.gov","sent":true,"message":"OK"}]', 22, 22, 26);
insert into appels_spoc (id, etat, date, xml_demande, json_retour, compteur_total, compteur_succes, id_envoi) values (82, 4, '2015-09-25 03:36:59', '<xml>', '[{"address":"sstrutz0@devhub.com","sent":false,"message":"OK"},{"address":"aaxcell1@apache.org","sent":false,"message":"OK"},{"address":"ncarwithim2@flickr.com","sent":true,"message":"OK"},{"address":"jbrimelow3@google.it","sent":false,"message":"OK"},{"address":"pdevericks4@netscape.com","sent":true,"message":"OK"},{"address":"lpocknell5@mail.ru","sent":false,"message":"OK"},{"address":"ckew6@youtu.be","sent":false,"message":"OK"},{"address":"dbrunone7@nps.gov","sent":true,"message":"OK"},{"address":"adoveston8@over-blog.com","sent":true,"message":"OK"},{"address":"kjephson9@state.tx.us","sent":true,"message":"OK"}]', 16, 9, 85);
insert into appels_spoc (id, etat, date, xml_demande, json_retour, compteur_total, compteur_succes, id_envoi) values (83, 3, '2016-05-04 12:46:55', '<xml>', '[{"address":"etimcke0@homestead.com","sent":false,"message":"OK"},{"address":"lcastleton1@howstuffworks.com","sent":true,"message":"OK"},{"address":"jhodgen2@google.com.au","sent":true,"message":"OK"}]', 94, 64, 34);
insert into appels_spoc (id, etat, date, xml_demande, json_retour, compteur_total, compteur_succes, id_envoi) values (84, 4, '2017-07-18 21:15:33', '<xml>', '[{"address":"icamin0@archive.org","sent":true,"message":"OK"},{"address":"wmackibbon1@cbslocal.com","sent":false,"message":"OK"}]', 56, 56, 67);
insert into appels_spoc (id, etat, date, xml_demande, json_retour, compteur_total, compteur_succes, id_envoi) values (85, 4, '2016-04-14 00:41:41', '<xml>', '[{"address":"thunnaball0@ehow.com","sent":true,"message":"OK"},{"address":"fteulier1@4shared.com","sent":false,"message":"OK"},{"address":"fromanetti2@msn.com","sent":true,"message":"OK"}]', 24, 24, 35);
insert into appels_spoc (id, etat, date, xml_demande, json_retour, compteur_total, compteur_succes, id_envoi) values (86, 3, '2015-12-18 11:20:40', '<xml>', '[{"address":"kdecourt0@printfriendly.com","sent":true,"message":"OK"},{"address":"cprivett1@webmd.com","sent":false,"message":"OK"},{"address":"gpurbrick2@ebay.co.uk","sent":true,"message":"OK"},{"address":"uhakonsen3@unblog.fr","sent":true,"message":"OK"},{"address":"dmurdoch4@netvibes.com","sent":true,"message":"OK"}]', 46, 18, 25);
insert into appels_spoc (id, etat, date, xml_demande, json_retour, compteur_total, compteur_succes, id_envoi) values (87, 1, '2016-01-05 23:15:46', '<xml>', '[{"address":"ztamblyn0@prlog.org","sent":false,"message":"OK"},{"address":"jeberdt1@creativecommons.org","sent":true,"message":"OK"},{"address":"vturnor2@usatoday.com","sent":true,"message":"OK"},{"address":"packroyd3@flickr.com","sent":false,"message":"OK"},{"address":"lluter4@sun.com","sent":false,"message":"OK"},{"address":"gpetegree5@icio.us","sent":true,"message":"OK"},{"address":"wmilton6@elegantthemes.com","sent":true,"message":"OK"},{"address":"cegiloff7@domainmarket.com","sent":false,"message":"OK"}]', 66, 66, 99);
insert into appels_spoc (id, etat, date, xml_demande, json_retour, compteur_total, compteur_succes, id_envoi) values (88, 1, '2017-07-15 05:51:01', '<xml>', '[{"address":"fdjekic0@imdb.com","sent":false,"message":"OK"},{"address":"hhubbold1@drupal.org","sent":false,"message":"OK"},{"address":"cgarrie2@miitbeian.gov.cn","sent":false,"message":"OK"},{"address":"ndumphries3@google.fr","sent":true,"message":"OK"},{"address":"ewinks4@apple.com","sent":false,"message":"OK"},{"address":"slassen5@barnesandnoble.com","sent":true,"message":"OK"},{"address":"fcrockatt6@livejournal.com","sent":true,"message":"OK"},{"address":"dtee7@slideshare.net","sent":true,"message":"OK"},{"address":"enano8@cmu.edu","sent":false,"message":"OK"},{"address":"ddefraine9@usatoday.com","sent":false,"message":"OK"}]', 50, 28, 64);
insert into appels_spoc (id, etat, date, xml_demande, json_retour, compteur_total, compteur_succes, id_envoi) values (89, 2, '2015-12-31 12:58:11', '<xml>', '[{"address":"dpeltz0@addtoany.com","sent":true,"message":"OK"}]', 100, 3, 33);
insert into appels_spoc (id, etat, date, xml_demande, json_retour, compteur_total, compteur_succes, id_envoi) values (90, 4, '2016-10-05 21:41:26', '<xml>', '[{"address":"gknowles0@forbes.com","sent":true,"message":"OK"},{"address":"tketch1@examiner.com","sent":true,"message":"OK"},{"address":"nruston2@hhs.gov","sent":false,"message":"OK"},{"address":"smessingham3@163.com","sent":false,"message":"OK"}]', 30, 30, 79);
insert into appels_spoc (id, etat, date, xml_demande, json_retour, compteur_total, compteur_succes, id_envoi) values (91, 2, '2017-12-30 00:44:02', '<xml>', '[{"address":"aiskow0@dailymail.co.uk","sent":true,"message":"OK"},{"address":"lspykins1@digg.com","sent":true,"message":"OK"},{"address":"ekless2@kickstarter.com","sent":true,"message":"OK"},{"address":"pmabbot3@artisteer.com","sent":false,"message":"OK"},{"address":"aberg4@hao123.com","sent":true,"message":"OK"},{"address":"obone5@weather.com","sent":true,"message":"OK"},{"address":"lwemyss6@mysql.com","sent":true,"message":"OK"}]', 37, 37, 26);
insert into appels_spoc (id, etat, date, xml_demande, json_retour, compteur_total, compteur_succes, id_envoi) values (92, 4, '2016-01-08 19:00:55', '<xml>', '[{"address":"avankin0@mit.edu","sent":false,"message":"OK"},{"address":"cmcintee1@admin.ch","sent":false,"message":"OK"},{"address":"cfairbrace2@yellowpages.com","sent":true,"message":"OK"},{"address":"wrigardeau3@google.com.br","sent":false,"message":"OK"},{"address":"voxlee4@123-reg.co.uk","sent":false,"message":"OK"},{"address":"vmccomb5@nymag.com","sent":true,"message":"OK"},{"address":"ipurseglove6@amazon.com","sent":true,"message":"OK"}]', 66, 2, 46);
insert into appels_spoc (id, etat, date, xml_demande, json_retour, compteur_total, compteur_succes, id_envoi) values (93, 2, '2017-08-28 04:41:37', '<xml>', '[{"address":"sburroughes0@go.com","sent":true,"message":"OK"},{"address":"nanstie1@netscape.com","sent":false,"message":"OK"},{"address":"trawstorne2@cpanel.net","sent":false,"message":"OK"},{"address":"jvilliers3@flickr.com","sent":true,"message":"OK"}]', 58, 24, 99);
insert into appels_spoc (id, etat, date, xml_demande, json_retour, compteur_total, compteur_succes, id_envoi) values (94, 2, '2015-01-09 15:40:35', '<xml>', '[{"address":"cchoake0@studiopress.com","sent":true,"message":"OK"},{"address":"cbutcher1@php.net","sent":false,"message":"OK"},{"address":"gvanleeuwen2@independent.co.uk","sent":false,"message":"OK"},{"address":"hhefner3@europa.eu","sent":true,"message":"OK"},{"address":"rpride4@msu.edu","sent":true,"message":"OK"},{"address":"jklehyn5@google.nl","sent":true,"message":"OK"},{"address":"lbyart6@ezinearticles.com","sent":false,"message":"OK"}]', 79, 76, 86);
insert into appels_spoc (id, etat, date, xml_demande, json_retour, compteur_total, compteur_succes, id_envoi) values (95, 3, '2015-07-25 19:36:49', '<xml>', '[{"address":"gmacmeekan0@etsy.com","sent":false,"message":"OK"},{"address":"kgowthrop1@barnesandnoble.com","sent":true,"message":"OK"},{"address":"mcownden2@wiley.com","sent":false,"message":"OK"},{"address":"bbonnett3@de.vu","sent":true,"message":"OK"},{"address":"hwallis4@4shared.com","sent":true,"message":"OK"},{"address":"ltills5@feedburner.com","sent":true,"message":"OK"},{"address":"tolivi6@indiatimes.com","sent":true,"message":"OK"},{"address":"mbirnie7@wunderground.com","sent":false,"message":"OK"},{"address":"bjansky8@bizjournals.com","sent":false,"message":"OK"},{"address":"awearne9@wikia.com","sent":false,"message":"OK"}]', 19, 19, 23);
insert into appels_spoc (id, etat, date, xml_demande, json_retour, compteur_total, compteur_succes, id_envoi) values (96, 1, '2015-04-02 11:26:30', '<xml>', '[{"address":"lsalerno0@vistaprint.com","sent":true,"message":"OK"}]', 90, 29, 34);
insert into appels_spoc (id, etat, date, xml_demande, json_retour, compteur_total, compteur_succes, id_envoi) values (97, 2, '2015-01-27 12:27:59', '<xml>', '[{"address":"pbeere0@goo.ne.jp","sent":true,"message":"OK"},{"address":"btotman1@simplemachines.org","sent":true,"message":"OK"},{"address":"kmauchlen2@slate.com","sent":false,"message":"OK"},{"address":"lskews3@psu.edu","sent":false,"message":"OK"},{"address":"egreatorex4@theguardian.com","sent":true,"message":"OK"},{"address":"sschild5@zimbio.com","sent":false,"message":"OK"},{"address":"ecrowcroft6@elegantthemes.com","sent":false,"message":"OK"},{"address":"mdeluze7@gizmodo.com","sent":true,"message":"OK"}]', 79, 46, 19);
insert into appels_spoc (id, etat, date, xml_demande, json_retour, compteur_total, compteur_succes, id_envoi) values (98, 4, '2017-08-22 01:31:35', '<xml>', '[{"address":"pgiffon0@va.gov","sent":true,"message":"OK"},{"address":"hvaudre1@php.net","sent":true,"message":"OK"},{"address":"ddellenbroker2@unesco.org","sent":true,"message":"OK"},{"address":"bwethers3@mysql.com","sent":true,"message":"OK"},{"address":"dplover4@ycombinator.com","sent":true,"message":"OK"},{"address":"ssegot5@addtoany.com","sent":true,"message":"OK"},{"address":"ecrosser6@plala.or.jp","sent":true,"message":"OK"}]', 54, 54, 99);
insert into appels_spoc (id, etat, date, xml_demande, json_retour, compteur_total, compteur_succes, id_envoi) values (99, 4, '2017-08-12 22:55:34', '<xml>', '[{"address":"sbywaters0@columbia.edu","sent":true,"message":"OK"},{"address":"fmcnae1@51.la","sent":true,"message":"OK"},{"address":"effrenchbeytagh2@addthis.com","sent":true,"message":"OK"},{"address":"emarjot3@bloglovin.com","sent":true,"message":"OK"},{"address":"lferrelli4@whitehouse.gov","sent":true,"message":"OK"},{"address":"cvedekhov5@dmoz.org","sent":false,"message":"OK"},{"address":"mgreet6@amazon.co.uk","sent":false,"message":"OK"},{"address":"ldoerling7@spiegel.de","sent":false,"message":"OK"}]', 17, 17, 1);
insert into appels_spoc (id, etat, date, xml_demande, json_retour, compteur_total, compteur_succes, id_envoi) values (100, 3, '2015-11-09 18:05:41', '<xml>', '[{"address":"jrawsthorn0@wisc.edu","sent":false,"message":"OK"},{"address":"ssimko1@istockphoto.com","sent":false,"message":"OK"},{"address":"apalfrey2@sfgate.com","sent":true,"message":"OK"},{"address":"dhaveline3@biblegateway.com","sent":true,"message":"OK"},{"address":"jbarajaz4@surveymonkey.com","sent":false,"message":"OK"},{"address":"ghinkens5@huffingtonpost.com","sent":true,"message":"OK"},{"address":"cdunsmore6@berkeley.edu","sent":false,"message":"OK"},{"address":"nkaplan7@sina.com.cn","sent":false,"message":"OK"},{"address":"aathowe8@is.gd","sent":true,"message":"OK"}]', 92, 42, 5);
insert into appels_spoc (id, etat, date, xml_demande, json_retour, compteur_total, compteur_succes, id_envoi) values (101, 4, '2015-05-23 01:04:17', '<xml>', '[{"address":"csired0@sitemeter.com","sent":false,"message":"OK"},{"address":"mlarwell1@360.cn","sent":false,"message":"OK"},{"address":"lbowart2@ustream.tv","sent":true,"message":"OK"},{"address":"mbeardwood3@europa.eu","sent":true,"message":"OK"},{"address":"dsynnott4@instagram.com","sent":false,"message":"OK"}]', 98, 49, 51);
insert into appels_spoc (id, etat, date, xml_demande, json_retour, compteur_total, compteur_succes, id_envoi) values (102, 3, '2016-06-01 04:27:49', '<xml>', '[{"address":"fpiner0@berkeley.edu","sent":false,"message":"OK"},{"address":"smanton1@ftc.gov","sent":true,"message":"OK"},{"address":"squye2@nbcnews.com","sent":false,"message":"OK"},{"address":"abelsham3@taobao.com","sent":true,"message":"OK"},{"address":"hbeagley4@google.com.au","sent":false,"message":"OK"},{"address":"grobken5@hp.com","sent":true,"message":"OK"},{"address":"olaughnan6@skype.com","sent":true,"message":"OK"}]', 30, 30, 24);
insert into appels_spoc (id, etat, date, xml_demande, json_retour, compteur_total, compteur_succes, id_envoi) values (103, 3, '2016-12-09 16:10:20', '<xml>', '[{"address":"pslack0@kickstarter.com","sent":true,"message":"OK"},{"address":"sluxton1@economist.com","sent":false,"message":"OK"},{"address":"kfosse2@whitehouse.gov","sent":true,"message":"OK"},{"address":"agresswood3@addtoany.com","sent":false,"message":"OK"},{"address":"dlissandri4@vk.com","sent":false,"message":"OK"},{"address":"vpavy5@gizmodo.com","sent":true,"message":"OK"},{"address":"nthorrold6@netscape.com","sent":false,"message":"OK"}]', 90, 90, 96);
insert into appels_spoc (id, etat, date, xml_demande, json_retour, compteur_total, compteur_succes, id_envoi) values (104, 4, '2017-03-09 09:42:52', '<xml>', '[{"address":"bbarbary0@ovh.net","sent":true,"message":"OK"}]', 69, 69, 95);
insert into appels_spoc (id, etat, date, xml_demande, json_retour, compteur_total, compteur_succes, id_envoi) values (105, 4, '2015-01-14 16:13:55', '<xml>', '[{"address":"rjacquot0@archive.org","sent":true,"message":"OK"},{"address":"mridding1@netscape.com","sent":false,"message":"OK"},{"address":"nbloodworth2@cyberchimps.com","sent":true,"message":"OK"},{"address":"pboone3@surveymonkey.com","sent":true,"message":"OK"},{"address":"rtimberlake4@google.de","sent":true,"message":"OK"},{"address":"bcaldes5@nationalgeographic.com","sent":false,"message":"OK"},{"address":"klipscombe6@w3.org","sent":false,"message":"OK"}]', 14, 14, 5);
insert into appels_spoc (id, etat, date, xml_demande, json_retour, compteur_total, compteur_succes, id_envoi) values (106, 3, '2018-01-07 18:19:08', '<xml>', '[{"address":"tlambe0@cdc.gov","sent":true,"message":"OK"},{"address":"mlumbers1@kickstarter.com","sent":true,"message":"OK"},{"address":"moronan2@newyorker.com","sent":true,"message":"OK"},{"address":"handover3@bing.com","sent":true,"message":"OK"},{"address":"edmitriev4@dyndns.org","sent":true,"message":"OK"},{"address":"vkerss5@home.pl","sent":true,"message":"OK"},{"address":"qbernaert6@bloglovin.com","sent":false,"message":"OK"},{"address":"mdifranceschi7@hostgator.com","sent":true,"message":"OK"},{"address":"tframmingham8@slashdot.org","sent":false,"message":"OK"}]', 19, 19, 99);
insert into appels_spoc (id, etat, date, xml_demande, json_retour, compteur_total, compteur_succes, id_envoi) values (107, 4, '2016-12-11 02:41:43', '<xml>', '[{"address":"mbazylets0@si.edu","sent":true,"message":"OK"},{"address":"jmairs1@state.tx.us","sent":false,"message":"OK"},{"address":"fhollyer2@tinypic.com","sent":true,"message":"OK"},{"address":"cbittleson3@exblog.jp","sent":true,"message":"OK"},{"address":"prummer4@archive.org","sent":false,"message":"OK"}]', 24, 24, 92);
insert into appels_spoc (id, etat, date, xml_demande, json_retour, compteur_total, compteur_succes, id_envoi) values (108, 3, '2015-09-22 13:33:43', '<xml>', '[{"address":"dmelan0@hibu.com","sent":false,"message":"OK"},{"address":"agash1@nydailynews.com","sent":true,"message":"OK"},{"address":"mmacgillicuddy2@soundcloud.com","sent":false,"message":"OK"},{"address":"ccanham3@dropbox.com","sent":true,"message":"OK"}]', 28, 28, 49);
insert into appels_spoc (id, etat, date, xml_demande, json_retour, compteur_total, compteur_succes, id_envoi) values (109, 3, '2016-10-01 14:12:57', '<xml>', '[{"address":"mrockell0@nationalgeographic.com","sent":true,"message":"OK"},{"address":"jsprason1@w3.org","sent":true,"message":"OK"},{"address":"sgornal2@mayoclinic.com","sent":true,"message":"OK"},{"address":"pmawby3@vimeo.com","sent":true,"message":"OK"},{"address":"spinner4@yellowpages.com","sent":false,"message":"OK"}]', 52, 52, 77);
insert into appels_spoc (id, etat, date, xml_demande, json_retour, compteur_total, compteur_succes, id_envoi) values (110, 3, '2015-11-10 08:55:04', '<xml>', '[{"address":"kgreetham0@so-net.ne.jp","sent":false,"message":"OK"}]', 73, 73, 48);
insert into appels_spoc (id, etat, date, xml_demande, json_retour, compteur_total, compteur_succes, id_envoi) values (111, 3, '2016-07-26 06:29:07', '<xml>', '[{"address":"dwilce0@nydailynews.com","sent":true,"message":"OK"},{"address":"vvivian1@youtube.com","sent":true,"message":"OK"}]', 52, 52, 52);
insert into appels_spoc (id, etat, date, xml_demande, json_retour, compteur_total, compteur_succes, id_envoi) values (112, 3, '2015-10-03 18:04:42', '<xml>', '[{"address":"cletchford0@constantcontact.com","sent":true,"message":"OK"},{"address":"imacvagh1@goodreads.com","sent":false,"message":"OK"},{"address":"cgilbee2@chronoengine.com","sent":true,"message":"OK"},{"address":"hturville3@dailymail.co.uk","sent":true,"message":"OK"}]', 86, 16, 13);
insert into appels_spoc (id, etat, date, xml_demande, json_retour, compteur_total, compteur_succes, id_envoi) values (113, 3, '2017-12-10 19:50:43', '<xml>', '[{"address":"brandleson0@woothemes.com","sent":false,"message":"OK"},{"address":"dcleal1@geocities.jp","sent":false,"message":"OK"}]', 90, 76, 56);
insert into appels_spoc (id, etat, date, xml_demande, json_retour, compteur_total, compteur_succes, id_envoi) values (114, 1, '2016-06-21 03:26:58', '<xml>', '[{"address":"krisborough0@mashable.com","sent":true,"message":"OK"},{"address":"gwoodes1@slashdot.org","sent":false,"message":"OK"}]', 84, 35, 89);
insert into appels_spoc (id, etat, date, xml_demande, json_retour, compteur_total, compteur_succes, id_envoi) values (115, 1, '2017-09-01 18:13:37', '<xml>', '[{"address":"mjosh0@people.com.cn","sent":true,"message":"OK"}]', 70, 70, 65);
insert into appels_spoc (id, etat, date, xml_demande, json_retour, compteur_total, compteur_succes, id_envoi) values (116, 1, '2016-06-01 13:27:49', '<xml>', '[{"address":"akillich0@phoca.cz","sent":false,"message":"OK"},{"address":"ssadd1@java.com","sent":true,"message":"OK"}]', 81, 10, 62);
insert into appels_spoc (id, etat, date, xml_demande, json_retour, compteur_total, compteur_succes, id_envoi) values (117, 4, '2015-06-27 20:39:24', '<xml>', '[{"address":"gwilbraham0@nifty.com","sent":true,"message":"OK"},{"address":"cchessill1@multiply.com","sent":true,"message":"OK"},{"address":"lchurly2@twitter.com","sent":false,"message":"OK"}]', 80, 53, 44);
insert into appels_spoc (id, etat, date, xml_demande, json_retour, compteur_total, compteur_succes, id_envoi) values (118, 3, '2015-12-29 03:05:46', '<xml>', '[{"address":"cgregore0@mayoclinic.com","sent":false,"message":"OK"},{"address":"htenny1@addtoany.com","sent":false,"message":"OK"},{"address":"kjacomb2@virginia.edu","sent":false,"message":"OK"},{"address":"ebenford3@archive.org","sent":true,"message":"OK"},{"address":"chauxley4@nytimes.com","sent":false,"message":"OK"},{"address":"vcahen5@wufoo.com","sent":true,"message":"OK"},{"address":"lrabson6@cnn.com","sent":false,"message":"OK"},{"address":"pgumme7@redcross.org","sent":true,"message":"OK"},{"address":"jgarrioch8@myspace.com","sent":true,"message":"OK"}]', 41, 18, 45);
insert into appels_spoc (id, etat, date, xml_demande, json_retour, compteur_total, compteur_succes, id_envoi) values (119, 2, '2016-05-28 22:33:32', '<xml>', '[{"address":"dtissington0@vimeo.com","sent":false,"message":"OK"},{"address":"pclears1@icio.us","sent":true,"message":"OK"},{"address":"bwynch2@vimeo.com","sent":false,"message":"OK"},{"address":"tweatherdon3@salon.com","sent":false,"message":"OK"}]', 24, 24, 22);
insert into appels_spoc (id, etat, date, xml_demande, json_retour, compteur_total, compteur_succes, id_envoi) values (120, 4, '2017-02-18 10:36:52', '<xml>', '[{"address":"dgelardi0@chronoengine.com","sent":true,"message":"OK"},{"address":"gruskin1@taobao.com","sent":true,"message":"OK"},{"address":"acovino2@live.com","sent":true,"message":"OK"}]', 62, 62, 32);
insert into appels_spoc (id, etat, date, xml_demande, json_retour, compteur_total, compteur_succes, id_envoi) values (121, 4, '2017-03-28 03:13:36', '<xml>', '[{"address":"efandrich0@aboutads.info","sent":true,"message":"OK"},{"address":"mhorney1@csmonitor.com","sent":true,"message":"OK"},{"address":"kpitford2@cbc.ca","sent":true,"message":"OK"},{"address":"nealam3@hao123.com","sent":false,"message":"OK"}]', 13, 13, 18);
insert into appels_spoc (id, etat, date, xml_demande, json_retour, compteur_total, compteur_succes, id_envoi) values (122, 2, '2017-06-16 20:18:31', '<xml>', '[{"address":"tvassano0@artisteer.com","sent":false,"message":"OK"},{"address":"bbates1@reverbnation.com","sent":true,"message":"OK"},{"address":"crodenburgh2@yahoo.com","sent":false,"message":"OK"},{"address":"lpedroli3@mac.com","sent":true,"message":"OK"},{"address":"mminchindon4@lycos.com","sent":true,"message":"OK"},{"address":"dcella5@ox.ac.uk","sent":false,"message":"OK"},{"address":"kcastelli6@google.nl","sent":true,"message":"OK"},{"address":"ggass7@auda.org.au","sent":true,"message":"OK"},{"address":"csieghard8@51.la","sent":false,"message":"OK"}]', 16, 16, 61);
insert into appels_spoc (id, etat, date, xml_demande, json_retour, compteur_total, compteur_succes, id_envoi) values (123, 1, '2016-10-06 00:48:05', '<xml>', '[{"address":"kissit0@mail.ru","sent":false,"message":"OK"},{"address":"sdouche1@weather.com","sent":true,"message":"OK"},{"address":"mpenberthy2@google.pl","sent":true,"message":"OK"},{"address":"dcoverlyn3@cargocollective.com","sent":true,"message":"OK"},{"address":"jjonke4@ihg.com","sent":true,"message":"OK"}]', 21, 21, 40);
insert into appels_spoc (id, etat, date, xml_demande, json_retour, compteur_total, compteur_succes, id_envoi) values (124, 4, '2017-07-03 09:06:10', '<xml>', '[{"address":"chalfacree0@omniture.com","sent":true,"message":"OK"},{"address":"wadelsberg1@whitehouse.gov","sent":true,"message":"OK"},{"address":"ayaknov2@japanpost.jp","sent":true,"message":"OK"},{"address":"ebasilio3@elegantthemes.com","sent":false,"message":"OK"},{"address":"glundbeck4@nationalgeographic.com","sent":true,"message":"OK"},{"address":"flightning5@alexa.com","sent":true,"message":"OK"},{"address":"hbalham6@bravesites.com","sent":true,"message":"OK"},{"address":"lrontsch7@miitbeian.gov.cn","sent":false,"message":"OK"}]', 6, 6, 15);
insert into appels_spoc (id, etat, date, xml_demande, json_retour, compteur_total, compteur_succes, id_envoi) values (125, 3, '2016-02-23 17:48:09', '<xml>', '[{"address":"osimms0@usgs.gov","sent":true,"message":"OK"},{"address":"aharmour1@sourceforge.net","sent":false,"message":"OK"},{"address":"aantony2@bigcartel.com","sent":true,"message":"OK"},{"address":"hharlick3@biblegateway.com","sent":true,"message":"OK"},{"address":"ucharon4@godaddy.com","sent":true,"message":"OK"}]', 2, 2, 79);
insert into appels_spoc (id, etat, date, xml_demande, json_retour, compteur_total, compteur_succes, id_envoi) values (126, 2, '2015-04-19 23:37:08', '<xml>', '[{"address":"fgertray0@stumbleupon.com","sent":true,"message":"OK"},{"address":"lnuscha1@sun.com","sent":true,"message":"OK"},{"address":"cgenders2@taobao.com","sent":false,"message":"OK"},{"address":"ablethin3@123-reg.co.uk","sent":true,"message":"OK"},{"address":"lpantling4@mayoclinic.com","sent":false,"message":"OK"},{"address":"tatty5@pen.io","sent":false,"message":"OK"},{"address":"aedinburgh6@smh.com.au","sent":true,"message":"OK"},{"address":"ctongue7@topsy.com","sent":true,"message":"OK"},{"address":"plonding8@vistaprint.com","sent":true,"message":"OK"},{"address":"wlempke9@chicagotribune.com","sent":false,"message":"OK"}]', 86, 83, 5);
insert into appels_spoc (id, etat, date, xml_demande, json_retour, compteur_total, compteur_succes, id_envoi) values (127, 3, '2015-02-21 07:13:35', '<xml>', '[{"address":"wbayly0@g.co","sent":true,"message":"OK"},{"address":"kkinkaid1@dmoz.org","sent":true,"message":"OK"},{"address":"vcandie2@bing.com","sent":false,"message":"OK"},{"address":"jjosef3@youtube.com","sent":false,"message":"OK"},{"address":"cvotier4@google.ca","sent":false,"message":"OK"},{"address":"mcully5@slideshare.net","sent":true,"message":"OK"},{"address":"ngreenwell6@bigcartel.com","sent":true,"message":"OK"},{"address":"vnother7@hud.gov","sent":false,"message":"OK"}]', 60, 11, 56);
insert into appels_spoc (id, etat, date, xml_demande, json_retour, compteur_total, compteur_succes, id_envoi) values (128, 1, '2017-05-22 16:06:07', '<xml>', '[{"address":"gdinsdale0@biglobe.ne.jp","sent":true,"message":"OK"},{"address":"hbicker1@vk.com","sent":true,"message":"OK"},{"address":"alatorre2@google.cn","sent":true,"message":"OK"},{"address":"cbattison3@telegraph.co.uk","sent":false,"message":"OK"},{"address":"mnaerup4@ft.com","sent":false,"message":"OK"},{"address":"hwitcherley5@utexas.edu","sent":true,"message":"OK"},{"address":"xscolland6@jigsy.com","sent":false,"message":"OK"}]', 17, 17, 28);
insert into appels_spoc (id, etat, date, xml_demande, json_retour, compteur_total, compteur_succes, id_envoi) values (129, 3, '2015-11-21 09:48:37', '<xml>', '[{"address":"ldupree0@ehow.com","sent":true,"message":"OK"},{"address":"edrees1@fastcompany.com","sent":false,"message":"OK"},{"address":"hmelross2@mit.edu","sent":true,"message":"OK"},{"address":"asoden3@ca.gov","sent":true,"message":"OK"},{"address":"rdebow4@sitemeter.com","sent":true,"message":"OK"},{"address":"dknightly5@tinypic.com","sent":true,"message":"OK"},{"address":"asivills6@reverbnation.com","sent":true,"message":"OK"},{"address":"ktantrum7@ucoz.com","sent":true,"message":"OK"}]', 64, 50, 76);
insert into appels_spoc (id, etat, date, xml_demande, json_retour, compteur_total, compteur_succes, id_envoi) values (130, 4, '2016-08-12 10:21:44', '<xml>', '[{"address":"hdownton0@theatlantic.com","sent":false,"message":"OK"},{"address":"lromeuf1@house.gov","sent":false,"message":"OK"},{"address":"ehulke2@friendfeed.com","sent":true,"message":"OK"}]', 87, 7, 12);
insert into appels_spoc (id, etat, date, xml_demande, json_retour, compteur_total, compteur_succes, id_envoi) values (131, 1, '2017-08-15 08:08:53', '<xml>', '[{"address":"cflannery0@mac.com","sent":true,"message":"OK"},{"address":"rwinwright1@oracle.com","sent":false,"message":"OK"},{"address":"mpirri2@ca.gov","sent":false,"message":"OK"},{"address":"gsaxon3@liveinternet.ru","sent":true,"message":"OK"},{"address":"lpierri4@live.com","sent":false,"message":"OK"},{"address":"mrookwell5@w3.org","sent":true,"message":"OK"}]', 89, 46, 34);
insert into appels_spoc (id, etat, date, xml_demande, json_retour, compteur_total, compteur_succes, id_envoi) values (132, 4, '2016-11-01 06:33:41', '<xml>', '[{"address":"acastagno0@github.io","sent":false,"message":"OK"},{"address":"pstentiford1@icio.us","sent":false,"message":"OK"},{"address":"rshufflebotham2@cnet.com","sent":true,"message":"OK"},{"address":"agyngyll3@google.com.br","sent":false,"message":"OK"},{"address":"sbartrop4@narod.ru","sent":true,"message":"OK"},{"address":"vbatisse5@illinois.edu","sent":true,"message":"OK"},{"address":"rrous6@omniture.com","sent":false,"message":"OK"}]', 1, 1, 19);
insert into appels_spoc (id, etat, date, xml_demande, json_retour, compteur_total, compteur_succes, id_envoi) values (133, 3, '2015-10-04 10:35:56', '<xml>', '[{"address":"vdifranceshci0@blog.com","sent":false,"message":"OK"},{"address":"eaveson1@whitehouse.gov","sent":false,"message":"OK"},{"address":"ltomson2@miitbeian.gov.cn","sent":false,"message":"OK"},{"address":"mbumpus3@jiathis.com","sent":true,"message":"OK"},{"address":"tomahony4@typepad.com","sent":true,"message":"OK"},{"address":"kchalfain5@hexun.com","sent":true,"message":"OK"},{"address":"rwitt6@reference.com","sent":true,"message":"OK"},{"address":"kelfes7@1und1.de","sent":true,"message":"OK"},{"address":"tbarfford8@t.co","sent":true,"message":"OK"}]', 53, 2, 99);
insert into appels_spoc (id, etat, date, xml_demande, json_retour, compteur_total, compteur_succes, id_envoi) values (134, 1, '2016-08-13 20:01:37', '<xml>', '[{"address":"chelder0@whitehouse.gov","sent":false,"message":"OK"},{"address":"hoakley1@ibm.com","sent":true,"message":"OK"},{"address":"fcabell2@vk.com","sent":true,"message":"OK"},{"address":"hgeerits3@vimeo.com","sent":false,"message":"OK"},{"address":"aamorts4@fc2.com","sent":false,"message":"OK"},{"address":"rshreenan5@irs.gov","sent":true,"message":"OK"}]', 49, 20, 47);
insert into appels_spoc (id, etat, date, xml_demande, json_retour, compteur_total, compteur_succes, id_envoi) values (135, 2, '2016-08-16 10:45:57', '<xml>', '[{"address":"gnovik0@digg.com","sent":true,"message":"OK"}]', 38, 38, 60);
insert into appels_spoc (id, etat, date, xml_demande, json_retour, compteur_total, compteur_succes, id_envoi) values (136, 1, '2017-01-04 23:45:31', '<xml>', '[{"address":"ttriggs0@shareasale.com","sent":false,"message":"OK"},{"address":"fashwin1@amazon.co.uk","sent":false,"message":"OK"},{"address":"vcoxwell2@hibu.com","sent":true,"message":"OK"},{"address":"dpabst3@youku.com","sent":false,"message":"OK"},{"address":"grecord4@gnu.org","sent":false,"message":"OK"},{"address":"vheditch5@xing.com","sent":true,"message":"OK"},{"address":"cfaulo6@tuttocitta.it","sent":true,"message":"OK"},{"address":"dgair7@hhs.gov","sent":true,"message":"OK"},{"address":"kridewood8@sphinn.com","sent":false,"message":"OK"}]', 13, 13, 38);
insert into appels_spoc (id, etat, date, xml_demande, json_retour, compteur_total, compteur_succes, id_envoi) values (137, 1, '2017-05-17 06:44:03', '<xml>', '[{"address":"bsoloway0@eepurl.com","sent":false,"message":"OK"},{"address":"vbaumert1@sohu.com","sent":false,"message":"OK"},{"address":"ccrehan2@msu.edu","sent":false,"message":"OK"},{"address":"rnisard3@techcrunch.com","sent":false,"message":"OK"},{"address":"pslorance4@furl.net","sent":false,"message":"OK"}]', 37, 37, 64);
insert into appels_spoc (id, etat, date, xml_demande, json_retour, compteur_total, compteur_succes, id_envoi) values (138, 1, '2016-03-14 12:39:53', '<xml>', '[{"address":"jpygott0@cpanel.net","sent":true,"message":"OK"},{"address":"jlongbothom1@google.es","sent":true,"message":"OK"}]', 11, 11, 27);
insert into appels_spoc (id, etat, date, xml_demande, json_retour, compteur_total, compteur_succes, id_envoi) values (139, 3, '2015-07-28 03:54:21', '<xml>', '[{"address":"gdalla0@networksolutions.com","sent":false,"message":"OK"},{"address":"fsincock1@discuz.net","sent":true,"message":"OK"},{"address":"sgilluley2@wufoo.com","sent":false,"message":"OK"},{"address":"aaikman3@harvard.edu","sent":false,"message":"OK"}]', 43, 43, 36);
insert into appels_spoc (id, etat, date, xml_demande, json_retour, compteur_total, compteur_succes, id_envoi) values (140, 2, '2017-09-18 10:17:20', '<xml>', '[{"address":"dcollins0@ed.gov","sent":false,"message":"OK"},{"address":"mmurford1@yelp.com","sent":true,"message":"OK"},{"address":"kbende2@icio.us","sent":true,"message":"OK"},{"address":"jfrere3@fotki.com","sent":true,"message":"OK"}]', 17, 17, 95);
insert into appels_spoc (id, etat, date, xml_demande, json_retour, compteur_total, compteur_succes, id_envoi) values (141, 3, '2015-04-22 13:45:25', '<xml>', '[{"address":"csamuel0@auda.org.au","sent":false,"message":"OK"},{"address":"mzywicki1@vimeo.com","sent":false,"message":"OK"},{"address":"ggarrett2@addthis.com","sent":false,"message":"OK"},{"address":"wbrimman3@wunderground.com","sent":false,"message":"OK"},{"address":"jlorek4@clickbank.net","sent":false,"message":"OK"}]', 94, 10, 71);
insert into appels_spoc (id, etat, date, xml_demande, json_retour, compteur_total, compteur_succes, id_envoi) values (142, 2, '2017-09-12 14:26:11', '<xml>', '[{"address":"jkniveton0@yolasite.com","sent":false,"message":"OK"},{"address":"lstepto1@w3.org","sent":false,"message":"OK"},{"address":"trowlstone2@tumblr.com","sent":false,"message":"OK"},{"address":"bcreggan3@webs.com","sent":true,"message":"OK"},{"address":"lmccarroll4@fotki.com","sent":false,"message":"OK"},{"address":"alegrand5@sciencedaily.com","sent":true,"message":"OK"},{"address":"brickword6@senate.gov","sent":false,"message":"OK"},{"address":"hchilton7@myspace.com","sent":true,"message":"OK"},{"address":"wyearne8@tiny.cc","sent":true,"message":"OK"},{"address":"lchamberlayne9@walmart.com","sent":true,"message":"OK"}]', 56, 56, 60);
insert into appels_spoc (id, etat, date, xml_demande, json_retour, compteur_total, compteur_succes, id_envoi) values (143, 1, '2015-04-30 06:23:26', '<xml>', '[{"address":"hspafford0@whitehouse.gov","sent":false,"message":"OK"},{"address":"cbrogden1@reverbnation.com","sent":false,"message":"OK"},{"address":"lshugg2@noaa.gov","sent":true,"message":"OK"},{"address":"gcrone3@omniture.com","sent":false,"message":"OK"},{"address":"snorthover4@fema.gov","sent":true,"message":"OK"},{"address":"mmora5@dailymail.co.uk","sent":true,"message":"OK"},{"address":"cmannering6@ca.gov","sent":false,"message":"OK"},{"address":"mjeandillou7@fema.gov","sent":true,"message":"OK"},{"address":"galexsandrov8@yolasite.com","sent":true,"message":"OK"},{"address":"egamlen9@typepad.com","sent":false,"message":"OK"}]', 44, 43, 27);
insert into appels_spoc (id, etat, date, xml_demande, json_retour, compteur_total, compteur_succes, id_envoi) values (144, 2, '2016-12-23 07:26:46', '<xml>', '[{"address":"lpassby0@ted.com","sent":false,"message":"OK"},{"address":"ereuss1@scribd.com","sent":false,"message":"OK"},{"address":"jshimoni2@nba.com","sent":true,"message":"OK"},{"address":"fdoddridge3@privacy.gov.au","sent":false,"message":"OK"},{"address":"kstonestreet4@simplemachines.org","sent":true,"message":"OK"}]', 38, 38, 75);
insert into appels_spoc (id, etat, date, xml_demande, json_retour, compteur_total, compteur_succes, id_envoi) values (145, 4, '2018-01-31 01:12:44', '<xml>', '[{"address":"rleathers0@hao123.com","sent":false,"message":"OK"},{"address":"celtune1@mac.com","sent":false,"message":"OK"},{"address":"amosco2@mail.ru","sent":false,"message":"OK"},{"address":"bdinning3@biglobe.ne.jp","sent":false,"message":"OK"},{"address":"nsilbersak4@jugem.jp","sent":true,"message":"OK"},{"address":"gscorer5@bravesites.com","sent":false,"message":"OK"}]', 82, 71, 27);
insert into appels_spoc (id, etat, date, xml_demande, json_retour, compteur_total, compteur_succes, id_envoi) values (146, 4, '2015-04-08 07:15:11', '<xml>', '[{"address":"dfifield0@opensource.org","sent":true,"message":"OK"},{"address":"naudsley1@creativecommons.org","sent":true,"message":"OK"},{"address":"fspavins2@hugedomains.com","sent":false,"message":"OK"},{"address":"tcocking3@de.vu","sent":false,"message":"OK"},{"address":"aashwood4@feedburner.com","sent":true,"message":"OK"},{"address":"rstodit5@oaic.gov.au","sent":true,"message":"OK"}]', 19, 19, 80);
insert into appels_spoc (id, etat, date, xml_demande, json_retour, compteur_total, compteur_succes, id_envoi) values (147, 3, '2017-08-03 12:59:16', '<xml>', '[{"address":"efinlry0@imgur.com","sent":false,"message":"OK"},{"address":"dclarage1@cdc.gov","sent":false,"message":"OK"},{"address":"frikard2@microsoft.com","sent":true,"message":"OK"},{"address":"mledstone3@virginia.edu","sent":true,"message":"OK"},{"address":"glittell4@imageshack.us","sent":false,"message":"OK"},{"address":"cpiggrem5@ed.gov","sent":true,"message":"OK"},{"address":"lellit6@intel.com","sent":false,"message":"OK"},{"address":"ngouge7@newsvine.com","sent":false,"message":"OK"}]', 51, 43, 6);
insert into appels_spoc (id, etat, date, xml_demande, json_retour, compteur_total, compteur_succes, id_envoi) values (148, 2, '2016-08-02 05:27:04', '<xml>', '[{"address":"agilgryst0@merriam-webster.com","sent":false,"message":"OK"}]', 49, 16, 96);
insert into appels_spoc (id, etat, date, xml_demande, json_retour, compteur_total, compteur_succes, id_envoi) values (149, 4, '2015-01-26 23:00:51', '<xml>', '[{"address":"bmckelvey0@domainmarket.com","sent":false,"message":"OK"},{"address":"swaple1@eventbrite.com","sent":true,"message":"OK"},{"address":"cmellish2@wikia.com","sent":true,"message":"OK"},{"address":"stott3@ifeng.com","sent":true,"message":"OK"}]', 63, 22, 90);
insert into appels_spoc (id, etat, date, xml_demande, json_retour, compteur_total, compteur_succes, id_envoi) values (150, 2, '2017-02-13 07:32:28', '<xml>', '[{"address":"ecanacott0@oaic.gov.au","sent":false,"message":"OK"},{"address":"aivanisov1@reference.com","sent":true,"message":"OK"},{"address":"mlyst2@forbes.com","sent":false,"message":"OK"},{"address":"jmusterd3@aboutads.info","sent":false,"message":"OK"},{"address":"twoodroffe4@weibo.com","sent":true,"message":"OK"},{"address":"csangwin5@nyu.edu","sent":true,"message":"OK"},{"address":"bfirmager6@bloglines.com","sent":true,"message":"OK"},{"address":"tseabert7@thetimes.co.uk","sent":true,"message":"OK"},{"address":"vtolerton8@icq.com","sent":true,"message":"OK"}]', 65, 8, 47);
insert into appels_spoc (id, etat, date, xml_demande, json_retour, compteur_total, compteur_succes, id_envoi) values (151, 3, '2016-05-13 18:22:00', '<xml>', '[{"address":"mspinage0@cisco.com","sent":true,"message":"OK"},{"address":"bbrands1@blinklist.com","sent":false,"message":"OK"}]', 3, 3, 58);
insert into appels_spoc (id, etat, date, xml_demande, json_retour, compteur_total, compteur_succes, id_envoi) values (152, 4, '2017-05-23 01:03:24', '<xml>', '[{"address":"splott0@webs.com","sent":true,"message":"OK"},{"address":"nsemor1@ebay.co.uk","sent":true,"message":"OK"},{"address":"ebeebe2@umich.edu","sent":false,"message":"OK"},{"address":"jtrowel3@nyu.edu","sent":true,"message":"OK"},{"address":"dloram4@webeden.co.uk","sent":true,"message":"OK"},{"address":"ahardwidge5@senate.gov","sent":false,"message":"OK"}]', 58, 41, 65);
insert into appels_spoc (id, etat, date, xml_demande, json_retour, compteur_total, compteur_succes, id_envoi) values (153, 1, '2017-09-13 11:10:52', '<xml>', '[{"address":"rpirrie0@123-reg.co.uk","sent":true,"message":"OK"},{"address":"scolliss1@topsy.com","sent":true,"message":"OK"}]', 40, 19, 80);
insert into appels_spoc (id, etat, date, xml_demande, json_retour, compteur_total, compteur_succes, id_envoi) values (154, 3, '2015-02-13 09:25:37', '<xml>', '[{"address":"abatter0@blogtalkradio.com","sent":true,"message":"OK"},{"address":"ironayne1@ftc.gov","sent":true,"message":"OK"},{"address":"lbagnall2@sbwire.com","sent":false,"message":"OK"},{"address":"thasted3@mapquest.com","sent":true,"message":"OK"},{"address":"psambedge4@dion.ne.jp","sent":true,"message":"OK"},{"address":"klaverack5@friendfeed.com","sent":false,"message":"OK"},{"address":"hbaignard6@engadget.com","sent":true,"message":"OK"},{"address":"wstainland7@yandex.ru","sent":true,"message":"OK"},{"address":"jdunkley8@jigsy.com","sent":false,"message":"OK"}]', 100, 22, 49);
insert into appels_spoc (id, etat, date, xml_demande, json_retour, compteur_total, compteur_succes, id_envoi) values (155, 3, '2016-01-08 17:37:24', '<xml>', '[{"address":"mpeaurt0@jugem.jp","sent":true,"message":"OK"},{"address":"cbailiss1@rambler.ru","sent":true,"message":"OK"},{"address":"eboother2@goo.gl","sent":false,"message":"OK"},{"address":"nsiveter3@rakuten.co.jp","sent":true,"message":"OK"},{"address":"xhumes4@elegantthemes.com","sent":true,"message":"OK"},{"address":"owrates5@ameblo.jp","sent":false,"message":"OK"},{"address":"hdrewe6@accuweather.com","sent":false,"message":"OK"}]', 4, 4, 59);
insert into appels_spoc (id, etat, date, xml_demande, json_retour, compteur_total, compteur_succes, id_envoi) values (156, 1, '2015-10-16 11:31:33', '<xml>', '[{"address":"abendel0@vkontakte.ru","sent":true,"message":"OK"},{"address":"klinzey1@wufoo.com","sent":false,"message":"OK"},{"address":"dbruty2@dailymail.co.uk","sent":false,"message":"OK"},{"address":"aboxer3@epa.gov","sent":true,"message":"OK"}]', 50, 5, 97);
insert into appels_spoc (id, etat, date, xml_demande, json_retour, compteur_total, compteur_succes, id_envoi) values (157, 1, '2016-03-15 20:13:11', '<xml>', '[{"address":"avivers0@godaddy.com","sent":true,"message":"OK"},{"address":"abecker1@sun.com","sent":false,"message":"OK"},{"address":"pgogerty2@phpbb.com","sent":false,"message":"OK"},{"address":"bjannex3@twitter.com","sent":false,"message":"OK"},{"address":"rbehneke4@hc360.com","sent":false,"message":"OK"},{"address":"rchalke5@ow.ly","sent":true,"message":"OK"},{"address":"wwellen6@berkeley.edu","sent":false,"message":"OK"},{"address":"himmins7@e-recht24.de","sent":true,"message":"OK"},{"address":"gsewter8@pen.io","sent":true,"message":"OK"}]', 38, 38, 59);
insert into appels_spoc (id, etat, date, xml_demande, json_retour, compteur_total, compteur_succes, id_envoi) values (158, 2, '2017-01-25 05:31:44', '<xml>', '[{"address":"hhanniger0@xinhuanet.com","sent":true,"message":"OK"},{"address":"sohallihane1@npr.org","sent":false,"message":"OK"},{"address":"mmatveichev2@joomla.org","sent":true,"message":"OK"},{"address":"ccaso3@guardian.co.uk","sent":true,"message":"OK"},{"address":"asmitten4@bluehost.com","sent":false,"message":"OK"},{"address":"jmacfaell5@washington.edu","sent":false,"message":"OK"},{"address":"ntrenchard6@newsvine.com","sent":true,"message":"OK"},{"address":"kgowlett7@about.com","sent":true,"message":"OK"},{"address":"rdicty8@youtu.be","sent":true,"message":"OK"},{"address":"fkrahl9@wikispaces.com","sent":true,"message":"OK"}]', 14, 14, 36);
insert into appels_spoc (id, etat, date, xml_demande, json_retour, compteur_total, compteur_succes, id_envoi) values (159, 1, '2015-03-19 15:54:05', '<xml>', '[{"address":"wilyinykh0@constantcontact.com","sent":false,"message":"OK"},{"address":"hoverpool1@odnoklassniki.ru","sent":true,"message":"OK"},{"address":"cmollene2@nyu.edu","sent":false,"message":"OK"},{"address":"krathborne3@washington.edu","sent":false,"message":"OK"},{"address":"lcaudray4@nih.gov","sent":false,"message":"OK"},{"address":"fmatyashev5@webnode.com","sent":false,"message":"OK"},{"address":"htasseler6@ca.gov","sent":false,"message":"OK"},{"address":"khammand7@skype.com","sent":true,"message":"OK"},{"address":"khaquard8@pen.io","sent":true,"message":"OK"},{"address":"tphilipsson9@accuweather.com","sent":true,"message":"OK"}]', 13, 7, 48);
insert into appels_spoc (id, etat, date, xml_demande, json_retour, compteur_total, compteur_succes, id_envoi) values (160, 3, '2018-01-08 08:51:21', '<xml>', '[{"address":"randrag0@amazon.de","sent":true,"message":"OK"},{"address":"tmenendez1@narod.ru","sent":false,"message":"OK"},{"address":"glivens2@booking.com","sent":false,"message":"OK"},{"address":"sbritian3@angelfire.com","sent":false,"message":"OK"},{"address":"tfroggatt4@bbb.org","sent":true,"message":"OK"},{"address":"omeads5@who.int","sent":true,"message":"OK"},{"address":"jvaliant6@apple.com","sent":false,"message":"OK"},{"address":"pcurthoys7@blogs.com","sent":true,"message":"OK"},{"address":"rmanske8@baidu.com","sent":false,"message":"OK"}]', 42, 17, 82);
insert into appels_spoc (id, etat, date, xml_demande, json_retour, compteur_total, compteur_succes, id_envoi) values (161, 3, '2017-03-15 13:25:57', '<xml>', '[{"address":"jpolotti0@squarespace.com","sent":true,"message":"OK"},{"address":"mcurston1@usa.gov","sent":false,"message":"OK"},{"address":"aboneham2@reverbnation.com","sent":true,"message":"OK"},{"address":"hnewart3@surveymonkey.com","sent":true,"message":"OK"},{"address":"btompkiss4@theglobeandmail.com","sent":false,"message":"OK"},{"address":"wzorn5@oaic.gov.au","sent":true,"message":"OK"}]', 57, 31, 77);
insert into appels_spoc (id, etat, date, xml_demande, json_retour, compteur_total, compteur_succes, id_envoi) values (162, 1, '2015-05-26 13:44:05', '<xml>', '[{"address":"vpusill0@netscape.com","sent":true,"message":"OK"},{"address":"fmayworth1@zdnet.com","sent":false,"message":"OK"},{"address":"rotton2@wikia.com","sent":true,"message":"OK"},{"address":"hdepport3@tinyurl.com","sent":false,"message":"OK"},{"address":"dyorke4@diigo.com","sent":false,"message":"OK"},{"address":"cschwant5@ocn.ne.jp","sent":true,"message":"OK"},{"address":"sjanaszkiewicz6@cloudflare.com","sent":false,"message":"OK"},{"address":"amertel7@slashdot.org","sent":false,"message":"OK"},{"address":"larcase8@gravatar.com","sent":true,"message":"OK"},{"address":"dvose9@jimdo.com","sent":false,"message":"OK"}]', 55, 11, 28);
insert into appels_spoc (id, etat, date, xml_demande, json_retour, compteur_total, compteur_succes, id_envoi) values (163, 2, '2017-07-08 14:16:05', '<xml>', '[{"address":"fdrynan0@mysql.com","sent":true,"message":"OK"}]', 74, 74, 94);
insert into appels_spoc (id, etat, date, xml_demande, json_retour, compteur_total, compteur_succes, id_envoi) values (164, 1, '2015-10-07 21:43:56', '<xml>', '[{"address":"efurmonger0@mail.ru","sent":true,"message":"OK"},{"address":"nmcorkil1@ca.gov","sent":true,"message":"OK"},{"address":"dobyrne2@gmpg.org","sent":false,"message":"OK"},{"address":"dshapiro3@harvard.edu","sent":true,"message":"OK"},{"address":"dslaney4@arstechnica.com","sent":false,"message":"OK"},{"address":"cclynmans5@arizona.edu","sent":false,"message":"OK"}]', 88, 83, 53);
insert into appels_spoc (id, etat, date, xml_demande, json_retour, compteur_total, compteur_succes, id_envoi) values (165, 3, '2017-02-10 16:25:36', '<xml>', '[{"address":"rcornill0@arizona.edu","sent":true,"message":"OK"},{"address":"mbromidge1@hostgator.com","sent":true,"message":"OK"},{"address":"ocaney2@nih.gov","sent":false,"message":"OK"},{"address":"rhunston3@etsy.com","sent":false,"message":"OK"},{"address":"ehairyes4@buzzfeed.com","sent":false,"message":"OK"},{"address":"bcamerello5@shinystat.com","sent":false,"message":"OK"},{"address":"bduligal6@typepad.com","sent":false,"message":"OK"},{"address":"clogsdail7@google.co.uk","sent":true,"message":"OK"},{"address":"betheridge8@xing.com","sent":true,"message":"OK"},{"address":"ejanas9@jalbum.net","sent":false,"message":"OK"}]', 92, 23, 94);
insert into appels_spoc (id, etat, date, xml_demande, json_retour, compteur_total, compteur_succes, id_envoi) values (166, 3, '2017-10-26 03:45:48', '<xml>', '[{"address":"bbrooking0@illinois.edu","sent":false,"message":"OK"},{"address":"rdayly1@imgur.com","sent":false,"message":"OK"},{"address":"lcoaster2@liveinternet.ru","sent":false,"message":"OK"},{"address":"estiant3@behance.net","sent":false,"message":"OK"}]', 67, 67, 8);
insert into appels_spoc (id, etat, date, xml_demande, json_retour, compteur_total, compteur_succes, id_envoi) values (167, 2, '2016-10-09 00:03:58', '<xml>', '[{"address":"mleupoldt0@csmonitor.com","sent":false,"message":"OK"},{"address":"bwadforth1@theguardian.com","sent":false,"message":"OK"},{"address":"cmccourtie2@goo.gl","sent":true,"message":"OK"},{"address":"jskein3@moonfruit.com","sent":false,"message":"OK"},{"address":"ghalm4@nature.com","sent":true,"message":"OK"},{"address":"mtadd5@ted.com","sent":false,"message":"OK"},{"address":"iasaaf6@pen.io","sent":true,"message":"OK"},{"address":"eashdown7@barnesandnoble.com","sent":false,"message":"OK"}]', 34, 34, 21);
insert into appels_spoc (id, etat, date, xml_demande, json_retour, compteur_total, compteur_succes, id_envoi) values (168, 1, '2015-09-06 02:09:37', '<xml>', '[{"address":"bcullington0@salon.com","sent":true,"message":"OK"},{"address":"yleal1@usnews.com","sent":false,"message":"OK"},{"address":"vpasley2@ucoz.com","sent":true,"message":"OK"},{"address":"aboundley3@list-manage.com","sent":false,"message":"OK"},{"address":"blapides4@businessinsider.com","sent":false,"message":"OK"},{"address":"rreolfi5@wiley.com","sent":true,"message":"OK"},{"address":"hgethouse6@netvibes.com","sent":true,"message":"OK"}]', 50, 25, 15);
insert into appels_spoc (id, etat, date, xml_demande, json_retour, compteur_total, compteur_succes, id_envoi) values (169, 2, '2017-11-27 17:30:21', '<xml>', '[{"address":"egoncalo0@is.gd","sent":true,"message":"OK"},{"address":"mlees1@zimbio.com","sent":true,"message":"OK"},{"address":"mrobilliard2@dot.gov","sent":false,"message":"OK"},{"address":"ydench3@shop-pro.jp","sent":true,"message":"OK"},{"address":"apawelczyk4@china.com.cn","sent":true,"message":"OK"}]', 23, 23, 12);
insert into appels_spoc (id, etat, date, xml_demande, json_retour, compteur_total, compteur_succes, id_envoi) values (170, 4, '2015-07-16 21:28:37', '<xml>', '[{"address":"blockery0@cbsnews.com","sent":true,"message":"OK"},{"address":"fscopham1@t-online.de","sent":false,"message":"OK"},{"address":"fchilvers2@eventbrite.com","sent":true,"message":"OK"},{"address":"bseagrove3@altervista.org","sent":false,"message":"OK"},{"address":"bfulle4@webeden.co.uk","sent":false,"message":"OK"},{"address":"dferrarello5@angelfire.com","sent":true,"message":"OK"},{"address":"lhenricsson6@deviantart.com","sent":true,"message":"OK"},{"address":"mreiach7@unc.edu","sent":false,"message":"OK"}]', 12, 12, 41);
insert into appels_spoc (id, etat, date, xml_demande, json_retour, compteur_total, compteur_succes, id_envoi) values (171, 1, '2016-10-30 11:40:41', '<xml>', '[{"address":"vmeekin0@wikimedia.org","sent":true,"message":"OK"},{"address":"hpeffer1@msn.com","sent":false,"message":"OK"},{"address":"aclearley2@foxnews.com","sent":true,"message":"OK"},{"address":"rleynagh3@mashable.com","sent":true,"message":"OK"},{"address":"fgethin4@tripod.com","sent":true,"message":"OK"}]', 99, 78, 61);
insert into appels_spoc (id, etat, date, xml_demande, json_retour, compteur_total, compteur_succes, id_envoi) values (172, 3, '2016-06-08 19:44:44', '<xml>', '[{"address":"fkennham0@prweb.com","sent":true,"message":"OK"},{"address":"vjozefiak1@addthis.com","sent":false,"message":"OK"}]', 72, 1, 69);
insert into appels_spoc (id, etat, date, xml_demande, json_retour, compteur_total, compteur_succes, id_envoi) values (173, 2, '2016-04-26 18:11:34', '<xml>', '[{"address":"flovegrove0@icq.com","sent":true,"message":"OK"},{"address":"dpixton1@adobe.com","sent":true,"message":"OK"},{"address":"ageorgius2@constantcontact.com","sent":true,"message":"OK"},{"address":"kjeste3@examiner.com","sent":false,"message":"OK"},{"address":"fmoland4@nifty.com","sent":true,"message":"OK"},{"address":"acornforth5@discuz.net","sent":true,"message":"OK"},{"address":"kgerner6@illinois.edu","sent":false,"message":"OK"},{"address":"abonavia7@dot.gov","sent":true,"message":"OK"},{"address":"msurr8@mit.edu","sent":false,"message":"OK"}]', 84, 84, 11);
insert into appels_spoc (id, etat, date, xml_demande, json_retour, compteur_total, compteur_succes, id_envoi) values (174, 4, '2015-09-04 01:11:27', '<xml>', '[{"address":"bwabb0@eventbrite.com","sent":true,"message":"OK"},{"address":"tlathbury1@tiny.cc","sent":true,"message":"OK"},{"address":"edark2@indiatimes.com","sent":true,"message":"OK"}]', 14, 14, 70);
insert into appels_spoc (id, etat, date, xml_demande, json_retour, compteur_total, compteur_succes, id_envoi) values (175, 1, '2017-11-06 23:37:44', '<xml>', '[{"address":"fklug0@cpanel.net","sent":false,"message":"OK"},{"address":"draxworthy1@unesco.org","sent":true,"message":"OK"},{"address":"kiveson2@bloomberg.com","sent":false,"message":"OK"},{"address":"arochester3@dmoz.org","sent":false,"message":"OK"},{"address":"mthorburn4@delicious.com","sent":false,"message":"OK"},{"address":"mdargavel5@nytimes.com","sent":false,"message":"OK"},{"address":"lwinterton6@wikipedia.org","sent":false,"message":"OK"},{"address":"plloydwilliams7@reverbnation.com","sent":false,"message":"OK"}]', 24, 24, 55);
insert into appels_spoc (id, etat, date, xml_demande, json_retour, compteur_total, compteur_succes, id_envoi) values (176, 4, '2015-02-14 00:26:38', '<xml>', '[{"address":"aantuoni0@constantcontact.com","sent":false,"message":"OK"},{"address":"ddobeson1@google.ru","sent":true,"message":"OK"},{"address":"glambal2@tumblr.com","sent":true,"message":"OK"}]', 58, 49, 52);
insert into appels_spoc (id, etat, date, xml_demande, json_retour, compteur_total, compteur_succes, id_envoi) values (177, 2, '2016-01-10 16:59:02', '<xml>', '[{"address":"vcastagne0@virginia.edu","sent":true,"message":"OK"},{"address":"gcristou1@biglobe.ne.jp","sent":true,"message":"OK"},{"address":"dsuston2@china.com.cn","sent":false,"message":"OK"},{"address":"mspottiswood3@pinterest.com","sent":true,"message":"OK"},{"address":"pprandoni4@gizmodo.com","sent":false,"message":"OK"},{"address":"ejuniper5@bloglines.com","sent":true,"message":"OK"}]', 84, 71, 47);
insert into appels_spoc (id, etat, date, xml_demande, json_retour, compteur_total, compteur_succes, id_envoi) values (178, 3, '2015-02-28 03:52:11', '<xml>', '[{"address":"chalcro0@deliciousdays.com","sent":false,"message":"OK"},{"address":"mknibb1@usa.gov","sent":true,"message":"OK"},{"address":"akeary2@people.com.cn","sent":true,"message":"OK"},{"address":"crunchman3@apple.com","sent":false,"message":"OK"},{"address":"zlassells4@odnoklassniki.ru","sent":true,"message":"OK"},{"address":"acastagneto5@nbcnews.com","sent":true,"message":"OK"},{"address":"triggulsford6@home.pl","sent":false,"message":"OK"},{"address":"tbrixham7@sciencedaily.com","sent":false,"message":"OK"}]', 90, 79, 48);
insert into appels_spoc (id, etat, date, xml_demande, json_retour, compteur_total, compteur_succes, id_envoi) values (179, 2, '2015-09-14 22:30:44', '<xml>', '[{"address":"ceasman0@feedburner.com","sent":false,"message":"OK"},{"address":"tsmerdon1@illinois.edu","sent":false,"message":"OK"}]', 81, 81, 21);
insert into appels_spoc (id, etat, date, xml_demande, json_retour, compteur_total, compteur_succes, id_envoi) values (180, 4, '2016-07-09 02:48:14', '<xml>', '[{"address":"gaggas0@4shared.com","sent":false,"message":"OK"},{"address":"fwestcarr1@imdb.com","sent":true,"message":"OK"},{"address":"rfeaveer2@mediafire.com","sent":true,"message":"OK"},{"address":"rhoodlass3@usa.gov","sent":false,"message":"OK"},{"address":"ehowick4@yelp.com","sent":true,"message":"OK"},{"address":"lspores5@vinaora.com","sent":false,"message":"OK"},{"address":"mwitherington6@wordpress.org","sent":false,"message":"OK"}]', 98, 33, 38);
insert into appels_spoc (id, etat, date, xml_demande, json_retour, compteur_total, compteur_succes, id_envoi) values (181, 4, '2015-09-11 06:53:40', '<xml>', '[{"address":"dmouland0@mapy.cz","sent":true,"message":"OK"},{"address":"basplen1@drupal.org","sent":true,"message":"OK"},{"address":"mkwietek2@youtu.be","sent":true,"message":"OK"},{"address":"jridhole3@posterous.com","sent":true,"message":"OK"},{"address":"biacovuzzi4@shutterfly.com","sent":false,"message":"OK"},{"address":"jyurchenko5@comsenz.com","sent":false,"message":"OK"},{"address":"kwaszkiewicz6@wikipedia.org","sent":false,"message":"OK"}]', 72, 31, 51);
insert into appels_spoc (id, etat, date, xml_demande, json_retour, compteur_total, compteur_succes, id_envoi) values (182, 4, '2016-05-05 15:24:29', '<xml>', '[{"address":"livic0@microsoft.com","sent":false,"message":"OK"},{"address":"pgawthrope1@photobucket.com","sent":false,"message":"OK"},{"address":"pfranscioni2@mayoclinic.com","sent":true,"message":"OK"},{"address":"ebeautyman3@timesonline.co.uk","sent":true,"message":"OK"}]', 73, 1, 73);
insert into appels_spoc (id, etat, date, xml_demande, json_retour, compteur_total, compteur_succes, id_envoi) values (183, 1, '2016-02-22 22:02:35', '<xml>', '[{"address":"tderobert0@mit.edu","sent":false,"message":"OK"},{"address":"eanglish1@soup.io","sent":false,"message":"OK"}]', 80, 16, 45);
insert into appels_spoc (id, etat, date, xml_demande, json_retour, compteur_total, compteur_succes, id_envoi) values (184, 2, '2017-12-20 04:42:52', '<xml>', '[{"address":"lfaye0@opera.com","sent":true,"message":"OK"},{"address":"bmerry1@mozilla.com","sent":false,"message":"OK"},{"address":"bdank2@rambler.ru","sent":true,"message":"OK"}]', 27, 27, 25);
insert into appels_spoc (id, etat, date, xml_demande, json_retour, compteur_total, compteur_succes, id_envoi) values (185, 1, '2015-02-02 12:24:20', '<xml>', '[{"address":"jschimoni0@state.gov","sent":false,"message":"OK"},{"address":"patterley1@altervista.org","sent":false,"message":"OK"},{"address":"rverne2@java.com","sent":false,"message":"OK"},{"address":"tgonnely3@slate.com","sent":true,"message":"OK"}]', 40, 11, 10);
insert into appels_spoc (id, etat, date, xml_demande, json_retour, compteur_total, compteur_succes, id_envoi) values (186, 2, '2017-06-28 19:02:01', '<xml>', '[{"address":"rbassano0@usa.gov","sent":true,"message":"OK"},{"address":"cbatstone1@amazon.co.uk","sent":true,"message":"OK"},{"address":"slovart2@google.es","sent":false,"message":"OK"},{"address":"ioshiels3@virginia.edu","sent":false,"message":"OK"},{"address":"hroubeix4@tumblr.com","sent":false,"message":"OK"},{"address":"amcnern5@thetimes.co.uk","sent":false,"message":"OK"}]', 91, 9, 52);
insert into appels_spoc (id, etat, date, xml_demande, json_retour, compteur_total, compteur_succes, id_envoi) values (187, 3, '2015-01-05 05:23:36', '<xml>', '[{"address":"sdaymont0@joomla.org","sent":true,"message":"OK"},{"address":"vbohlin1@forbes.com","sent":true,"message":"OK"},{"address":"jgarriock2@tuttocitta.it","sent":true,"message":"OK"},{"address":"gcutbirth3@geocities.jp","sent":true,"message":"OK"}]', 86, 72, 85);
insert into appels_spoc (id, etat, date, xml_demande, json_retour, compteur_total, compteur_succes, id_envoi) values (188, 1, '2015-08-04 04:26:05', '<xml>', '[{"address":"agallemore0@ovh.net","sent":true,"message":"OK"},{"address":"rkerman1@so-net.ne.jp","sent":true,"message":"OK"},{"address":"lcoggin2@home.pl","sent":false,"message":"OK"},{"address":"aphippard3@dailymotion.com","sent":true,"message":"OK"},{"address":"ejahnke4@canalblog.com","sent":true,"message":"OK"},{"address":"ntrevillion5@psu.edu","sent":false,"message":"OK"},{"address":"rfallens6@etsy.com","sent":true,"message":"OK"},{"address":"mrule7@weibo.com","sent":false,"message":"OK"},{"address":"dforten8@netlog.com","sent":false,"message":"OK"},{"address":"shritzko9@about.com","sent":false,"message":"OK"}]', 20, 20, 70);
insert into appels_spoc (id, etat, date, xml_demande, json_retour, compteur_total, compteur_succes, id_envoi) values (189, 1, '2015-02-04 06:32:58', '<xml>', '[{"address":"cshovell0@last.fm","sent":true,"message":"OK"},{"address":"gsearby1@tumblr.com","sent":false,"message":"OK"},{"address":"goakenfull2@scientificamerican.com","sent":true,"message":"OK"},{"address":"mogilvie3@plala.or.jp","sent":false,"message":"OK"},{"address":"mfranzettoini4@ucoz.ru","sent":true,"message":"OK"}]', 44, 44, 24);
insert into appels_spoc (id, etat, date, xml_demande, json_retour, compteur_total, compteur_succes, id_envoi) values (190, 2, '2015-05-04 05:35:14', '<xml>', '[{"address":"rvowell0@yahoo.com","sent":false,"message":"OK"},{"address":"mashard1@sciencedirect.com","sent":true,"message":"OK"},{"address":"gcogan2@newyorker.com","sent":true,"message":"OK"},{"address":"jharmes3@jalbum.net","sent":true,"message":"OK"},{"address":"smatyushenko4@eventbrite.com","sent":true,"message":"OK"},{"address":"lklimushev5@techcrunch.com","sent":true,"message":"OK"},{"address":"wjeanin6@ustream.tv","sent":true,"message":"OK"},{"address":"bhadny7@pagesperso-orange.fr","sent":false,"message":"OK"}]', 26, 26, 36);
insert into appels_spoc (id, etat, date, xml_demande, json_retour, compteur_total, compteur_succes, id_envoi) values (191, 1, '2015-07-30 23:44:02', '<xml>', '[{"address":"btinn0@marriott.com","sent":true,"message":"OK"},{"address":"ajozefiak1@cdbaby.com","sent":false,"message":"OK"},{"address":"jstanaway2@stumbleupon.com","sent":false,"message":"OK"},{"address":"bkeelinge3@craigslist.org","sent":false,"message":"OK"},{"address":"afettis4@wix.com","sent":true,"message":"OK"},{"address":"blutzmann5@auda.org.au","sent":true,"message":"OK"},{"address":"mdochon6@sfgate.com","sent":false,"message":"OK"}]', 46, 46, 39);
insert into appels_spoc (id, etat, date, xml_demande, json_retour, compteur_total, compteur_succes, id_envoi) values (192, 1, '2015-07-24 00:26:16', '<xml>', '[{"address":"kprodrick0@dion.ne.jp","sent":true,"message":"OK"},{"address":"rbristo1@quantcast.com","sent":false,"message":"OK"},{"address":"mcohrs2@seattletimes.com","sent":true,"message":"OK"},{"address":"cmargach3@eepurl.com","sent":false,"message":"OK"}]', 76, 44, 23);
insert into appels_spoc (id, etat, date, xml_demande, json_retour, compteur_total, compteur_succes, id_envoi) values (193, 4, '2017-10-17 05:37:48', '<xml>', '[{"address":"bstansfield0@cloudflare.com","sent":false,"message":"OK"},{"address":"tbaptie1@bloomberg.com","sent":false,"message":"OK"}]', 91, 87, 88);
insert into appels_spoc (id, etat, date, xml_demande, json_retour, compteur_total, compteur_succes, id_envoi) values (194, 4, '2017-03-19 11:25:40', '<xml>', '[{"address":"mjurkowski0@gnu.org","sent":false,"message":"OK"},{"address":"svlasenkov1@netlog.com","sent":false,"message":"OK"},{"address":"dwase2@posterous.com","sent":false,"message":"OK"},{"address":"wmabe3@scientificamerican.com","sent":true,"message":"OK"},{"address":"bdomek4@instagram.com","sent":true,"message":"OK"},{"address":"pbockings5@mit.edu","sent":true,"message":"OK"},{"address":"kjakeway6@addthis.com","sent":true,"message":"OK"},{"address":"pchastel7@xing.com","sent":true,"message":"OK"},{"address":"sdeambrosi8@sohu.com","sent":true,"message":"OK"}]', 6, 6, 65);
insert into appels_spoc (id, etat, date, xml_demande, json_retour, compteur_total, compteur_succes, id_envoi) values (195, 2, '2017-11-07 05:11:57', '<xml>', '[{"address":"rmacsharry0@mac.com","sent":true,"message":"OK"},{"address":"lnimmo1@dell.com","sent":true,"message":"OK"},{"address":"rlukasen2@cam.ac.uk","sent":true,"message":"OK"},{"address":"dtanti3@zimbio.com","sent":false,"message":"OK"},{"address":"dwinder4@goodreads.com","sent":false,"message":"OK"},{"address":"mmuglestone5@vk.com","sent":true,"message":"OK"},{"address":"aredman6@jugem.jp","sent":false,"message":"OK"},{"address":"kdudeney7@ftc.gov","sent":false,"message":"OK"},{"address":"kdobbing8@studiopress.com","sent":false,"message":"OK"},{"address":"cberrisford9@odnoklassniki.ru","sent":false,"message":"OK"}]', 88, 42, 81);
insert into appels_spoc (id, etat, date, xml_demande, json_retour, compteur_total, compteur_succes, id_envoi) values (196, 3, '2017-11-24 11:17:59', '<xml>', '[{"address":"oburdas0@ezinearticles.com","sent":false,"message":"OK"},{"address":"llegrove1@engadget.com","sent":false,"message":"OK"},{"address":"khankin2@nasa.gov","sent":false,"message":"OK"},{"address":"tlortzing3@columbia.edu","sent":true,"message":"OK"},{"address":"mmilesop4@posterous.com","sent":false,"message":"OK"},{"address":"ntowers5@amazonaws.com","sent":true,"message":"OK"},{"address":"lspieght6@japanpost.jp","sent":false,"message":"OK"},{"address":"dspino7@jugem.jp","sent":true,"message":"OK"}]', 26, 26, 40);
insert into appels_spoc (id, etat, date, xml_demande, json_retour, compteur_total, compteur_succes, id_envoi) values (197, 4, '2015-12-05 03:24:43', '<xml>', '[{"address":"jlovat0@princeton.edu","sent":true,"message":"OK"},{"address":"dmorrissey1@photobucket.com","sent":true,"message":"OK"}]', 51, 51, 35);
insert into appels_spoc (id, etat, date, xml_demande, json_retour, compteur_total, compteur_succes, id_envoi) values (198, 1, '2016-06-04 14:28:57', '<xml>', '[{"address":"rhawsby0@blogger.com","sent":true,"message":"OK"},{"address":"joconnolly1@mit.edu","sent":false,"message":"OK"}]', 5, 5, 15);
insert into appels_spoc (id, etat, date, xml_demande, json_retour, compteur_total, compteur_succes, id_envoi) values (199, 3, '2015-03-13 04:38:07', '<xml>', '[{"address":"cconnikie0@barnesandnoble.com","sent":true,"message":"OK"}]', 26, 26, 2);
insert into appels_spoc (id, etat, date, xml_demande, json_retour, compteur_total, compteur_succes, id_envoi) values (200, 2, '2016-10-28 12:06:30', '<xml>', '[{"address":"jcrease0@loc.gov","sent":true,"message":"OK"},{"address":"fheliot1@desdev.cn","sent":false,"message":"OK"},{"address":"vvenes2@cdc.gov","sent":false,"message":"OK"},{"address":"gmateescu3@livejournal.com","sent":false,"message":"OK"},{"address":"tison4@nature.com","sent":false,"message":"OK"},{"address":"ebatey5@behance.net","sent":true,"message":"OK"},{"address":"lvaar6@bravesites.com","sent":true,"message":"OK"},{"address":"cholde7@chicagotribune.com","sent":true,"message":"OK"}]', 23, 23, 50);

insert into archives_template_mail (id, expediteur, objet, corps_html, corps_brut, description, id_envoi) values (1, 'ewhitear0@cdc.gov', 'visualize killer users', '<html>Vestibulum quam sapien, varius ut, blandit non, interdum in, ante. Vestibulum ante ipsum primis in faucibus orci luctus et ultrices posuere cubilia Curae; Duis faucibus accumsan odio. Curabitur convallis.</html>', 'Integer tincidunt ante vel ipsum. Praesent blandit lacinia erat. Vestibulum sed magna at nunc commodo placerat.

Praesent blandit. Nam nulla. Integer pede justo, lacinia eget, tincidunt eget, tempus vel, pede.', 'target seamless models', 1);
insert into archives_template_mail (id, expediteur, objet, corps_html, corps_brut, description, id_envoi) values (2, 'gjaquin1@npr.org', 'harness revolutionary infrastructures', '<html>In hac habitasse platea dictumst. Etiam faucibus cursus urna. Ut tellus.</html>', 'Curabitur in libero ut massa volutpat convallis. Morbi odio odio, elementum eu, interdum eu, tincidunt in, leo. Maecenas pulvinar lobortis est.', 'innovate global functionalities', null);
insert into archives_template_mail (id, expediteur, objet, corps_html, corps_brut, description, id_envoi) values (3, 'vbittleson2@gmpg.org', 'reinvent mission-critical markets', '<html>Nam ultrices, libero non mattis pulvinar, nulla pede ullamcorper augue, a suscipit nulla elit ac nulla. Sed vel enim sit amet nunc viverra dapibus. Nulla suscipit ligula in lacus.

Curabitur at ipsum ac tellus semper interdum. Mauris ullamcorper purus sit amet nulla. Quisque arcu libero, rutrum ac, lobortis vel, dapibus at, diam.</html>', 'Phasellus sit amet erat. Nulla tempus. Vivamus in felis eu sapien cursus vestibulum.', 'integrate 24/7 e-tailers', null);
insert into archives_template_mail (id, expediteur, objet, corps_html, corps_brut, description, id_envoi) values (4, 'lcasbourne3@geocities.com', 'embrace revolutionary action-items', '<html>Proin eu mi. Nulla ac enim. In tempor, turpis nec euismod scelerisque, quam turpis adipiscing lorem, vitae mattis nibh ligula nec sem.

Duis aliquam convallis nunc. Proin at turpis a pede posuere nonummy. Integer non velit.

Donec diam neque, vestibulum eget, vulputate ut, ultrices vel, augue. Vestibulum ante ipsum primis in faucibus orci luctus et ultrices posuere cubilia Curae; Donec pharetra, magna vestibulum aliquet ultrices, erat tortor sollicitudin mi, sit amet lobortis sapien sapien non mi. Integer ac neque.</html>', 'Phasellus in felis. Donec semper sapien a libero. Nam dui.

Proin leo odio, porttitor id, consequat in, consequat ut, nulla. Sed accumsan felis. Ut at dolor quis odio consequat varius.', 'strategize ubiquitous eyeballs', 4);
insert into archives_template_mail (id, expediteur, objet, corps_html, corps_brut, description, id_envoi) values (5, 'gpilbeam4@mlb.com', 'incubate e-business schemas', '<html>Mauris enim leo, rhoncus sed, vestibulum sit amet, cursus id, turpis. Integer aliquet, massa id lobortis convallis, tortor risus dapibus augue, vel accumsan tellus nisi eu orci. Mauris lacinia sapien quis libero.

Nullam sit amet turpis elementum ligula vehicula consequat. Morbi a ipsum. Integer a nibh.</html>', 'Morbi porttitor lorem id ligula. Suspendisse ornare consequat lectus. In est risus, auctor sed, tristique in, tempus sit amet, sem.', 'brand bleeding-edge networks', null);
insert into archives_template_mail (id, expediteur, objet, corps_html, corps_brut, description, id_envoi) values (6, 'ntelling5@google.de', 'expedite rich interfaces', '<html>Quisque id justo sit amet sapien dignissim vestibulum. Vestibulum ante ipsum primis in faucibus orci luctus et ultrices posuere cubilia Curae; Nulla dapibus dolor vel est. Donec odio justo, sollicitudin ut, suscipit a, feugiat et, eros.

Vestibulum ac est lacinia nisi venenatis tristique. Fusce congue, diam id ornare imperdiet, sapien urna pretium nisl, ut volutpat sapien arcu sed augue. Aliquam erat volutpat.</html>', 'Proin eu mi. Nulla ac enim. In tempor, turpis nec euismod scelerisque, quam turpis adipiscing lorem, vitae mattis nibh ligula nec sem.

Duis aliquam convallis nunc. Proin at turpis a pede posuere nonummy. Integer non velit.

Donec diam neque, vestibulum eget, vulputate ut, ultrices vel, augue. Vestibulum ante ipsum primis in faucibus orci luctus et ultrices posuere cubilia Curae; Donec pharetra, magna vestibulum aliquet ultrices, erat tortor sollicitudin mi, sit amet lobortis sapien sapien non mi. Integer ac neque.', 'seize killer convergence', 6);
insert into archives_template_mail (id, expediteur, objet, corps_html, corps_brut, description, id_envoi) values (7, 'hellgood6@abc.net.au', 'streamline 24/7 bandwidth', '<html>Aliquam quis turpis eget elit sodales scelerisque. Mauris sit amet eros. Suspendisse accumsan tortor quis turpis.</html>', 'Integer tincidunt ante vel ipsum. Praesent blandit lacinia erat. Vestibulum sed magna at nunc commodo placerat.

Praesent blandit. Nam nulla. Integer pede justo, lacinia eget, tincidunt eget, tempus vel, pede.', 'matrix seamless content', null);
insert into archives_template_mail (id, expediteur, objet, corps_html, corps_brut, description, id_envoi) values (8, 'gbushnell7@oakley.com', 'grow plug-and-play web-readiness', '<html>Cras non velit nec nisi vulputate nonummy. Maecenas tincidunt lacus at velit. Vivamus vel nulla eget eros elementum pellentesque.

Quisque porta volutpat erat. Quisque erat eros, viverra eget, congue eget, semper rutrum, nulla. Nunc purus.

Phasellus in felis. Donec semper sapien a libero. Nam dui.</html>', 'Duis bibendum, felis sed interdum venenatis, turpis enim blandit mi, in porttitor pede justo eu massa. Donec dapibus. Duis at velit eu est congue elementum.

In hac habitasse platea dictumst. Morbi vestibulum, velit id pretium iaculis, diam erat fermentum justo, nec condimentum neque sapien placerat ante. Nulla justo.', 'whiteboard 24/7 web-readiness', 8);
insert into archives_template_mail (id, expediteur, objet, corps_html, corps_brut, description, id_envoi) values (9, 'amacpadene8@google.co.uk', 'target transparent metrics', '<html>Vestibulum ac est lacinia nisi venenatis tristique. Fusce congue, diam id ornare imperdiet, sapien urna pretium nisl, ut volutpat sapien arcu sed augue. Aliquam erat volutpat.</html>', 'Fusce posuere felis sed lacus. Morbi sem mauris, laoreet ut, rhoncus aliquet, pulvinar sed, nisl. Nunc rhoncus dui vel sem.

Sed sagittis. Nam congue, risus semper porta volutpat, quam pede lobortis ligula, sit amet eleifend pede libero quis orci. Nullam molestie nibh in lectus.', 'visualize interactive platforms', 9);
insert into archives_template_mail (id, expediteur, objet, corps_html, corps_brut, description, id_envoi) values (10, 'cscutt9@webs.com', 'transform magnetic infomediaries', '<html>Aenean fermentum. Donec ut mauris eget massa tempor convallis. Nulla neque libero, convallis eget, eleifend luctus, ultricies eu, nibh.

Quisque id justo sit amet sapien dignissim vestibulum. Vestibulum ante ipsum primis in faucibus orci luctus et ultrices posuere cubilia Curae; Nulla dapibus dolor vel est. Donec odio justo, sollicitudin ut, suscipit a, feugiat et, eros.

Vestibulum ac est lacinia nisi venenatis tristique. Fusce congue, diam id ornare imperdiet, sapien urna pretium nisl, ut volutpat sapien arcu sed augue. Aliquam erat volutpat.</html>', 'Nulla ut erat id mauris vulputate elementum. Nullam varius. Nulla facilisi.', 'envisioneer magnetic web-readiness', null);
insert into archives_template_mail (id, expediteur, objet, corps_html, corps_brut, description, id_envoi) values (11, 'oharmonda@cloudflare.com', 'revolutionize back-end bandwidth', '<html>Phasellus in felis. Donec semper sapien a libero. Nam dui.</html>', 'Suspendisse potenti. In eleifend quam a odio. In hac habitasse platea dictumst.', 'incentivize dynamic e-business', 11);
insert into archives_template_mail (id, expediteur, objet, corps_html, corps_brut, description, id_envoi) values (12, 'tchatelb@wordpress.com', 'transition strategic content', '<html>Morbi porttitor lorem id ligula. Suspendisse ornare consequat lectus. In est risus, auctor sed, tristique in, tempus sit amet, sem.</html>', 'Morbi non lectus. Aliquam sit amet diam in magna bibendum imperdiet. Nullam orci pede, venenatis non, sodales sed, tincidunt eu, felis.

Fusce posuere felis sed lacus. Morbi sem mauris, laoreet ut, rhoncus aliquet, pulvinar sed, nisl. Nunc rhoncus dui vel sem.

Sed sagittis. Nam congue, risus semper porta volutpat, quam pede lobortis ligula, sit amet eleifend pede libero quis orci. Nullam molestie nibh in lectus.', 'incubate leading-edge bandwidth', 12);
insert into archives_template_mail (id, expediteur, objet, corps_html, corps_brut, description, id_envoi) values (13, 'jnowakowskac@weibo.com', 'transform plug-and-play niches', '<html>Integer ac leo. Pellentesque ultrices mattis odio. Donec vitae nisi.

Nam ultrices, libero non mattis pulvinar, nulla pede ullamcorper augue, a suscipit nulla elit ac nulla. Sed vel enim sit amet nunc viverra dapibus. Nulla suscipit ligula in lacus.

Curabitur at ipsum ac tellus semper interdum. Mauris ullamcorper purus sit amet nulla. Quisque arcu libero, rutrum ac, lobortis vel, dapibus at, diam.</html>', 'Maecenas leo odio, condimentum id, luctus nec, molestie sed, justo. Pellentesque viverra pede ac diam. Cras pellentesque volutpat dui.', 'aggregate interactive action-items', 13);
insert into archives_template_mail (id, expediteur, objet, corps_html, corps_brut, description, id_envoi) values (14, 'rpadburyd@wisc.edu', 'evolve interactive paradigms', '<html>In hac habitasse platea dictumst. Etiam faucibus cursus urna. Ut tellus.

Nulla ut erat id mauris vulputate elementum. Nullam varius. Nulla facilisi.</html>', 'Proin leo odio, porttitor id, consequat in, consequat ut, nulla. Sed accumsan felis. Ut at dolor quis odio consequat varius.

Integer ac leo. Pellentesque ultrices mattis odio. Donec vitae nisi.

Nam ultrices, libero non mattis pulvinar, nulla pede ullamcorper augue, a suscipit nulla elit ac nulla. Sed vel enim sit amet nunc viverra dapibus. Nulla suscipit ligula in lacus.', 'embrace B2B solutions', null);
insert into archives_template_mail (id, expediteur, objet, corps_html, corps_brut, description, id_envoi) values (15, 'bellicombee@freewebs.com', 'innovate frictionless functionalities', '<html>Sed sagittis. Nam congue, risus semper porta volutpat, quam pede lobortis ligula, sit amet eleifend pede libero quis orci. Nullam molestie nibh in lectus.

Pellentesque at nulla. Suspendisse potenti. Cras in purus eu magna vulputate luctus.</html>', 'Nullam porttitor lacus at turpis. Donec posuere metus vitae ipsum. Aliquam non mauris.

Morbi non lectus. Aliquam sit amet diam in magna bibendum imperdiet. Nullam orci pede, venenatis non, sodales sed, tincidunt eu, felis.

Fusce posuere felis sed lacus. Morbi sem mauris, laoreet ut, rhoncus aliquet, pulvinar sed, nisl. Nunc rhoncus dui vel sem.', 'target visionary supply-chains', 15);
insert into archives_template_mail (id, expediteur, objet, corps_html, corps_brut, description, id_envoi) values (16, 'uchelnamf@diigo.com', 'mesh virtual paradigms', '<html>Phasellus in felis. Donec semper sapien a libero. Nam dui.</html>', 'In hac habitasse platea dictumst. Morbi vestibulum, velit id pretium iaculis, diam erat fermentum justo, nec condimentum neque sapien placerat ante. Nulla justo.', 'drive sticky channels', 16);
insert into archives_template_mail (id, expediteur, objet, corps_html, corps_brut, description, id_envoi) values (17, 'jjanug@kickstarter.com', 'maximize one-to-one relationships', '<html>Proin interdum mauris non ligula pellentesque ultrices. Phasellus id sapien in sapien iaculis congue. Vivamus metus arcu, adipiscing molestie, hendrerit at, vulputate vitae, nisl.

Aenean lectus. Pellentesque eget nunc. Donec quis orci eget orci vehicula condimentum.</html>', 'Cum sociis natoque penatibus et magnis dis parturient montes, nascetur ridiculus mus. Vivamus vestibulum sagittis sapien. Cum sociis natoque penatibus et magnis dis parturient montes, nascetur ridiculus mus.

Etiam vel augue. Vestibulum rutrum rutrum neque. Aenean auctor gravida sem.', 'cultivate robust e-markets', 17);
insert into archives_template_mail (id, expediteur, objet, corps_html, corps_brut, description, id_envoi) values (18, 'fbenkoh@shop-pro.jp', 'visualize leading-edge experiences', '<html>Fusce posuere felis sed lacus. Morbi sem mauris, laoreet ut, rhoncus aliquet, pulvinar sed, nisl. Nunc rhoncus dui vel sem.

Sed sagittis. Nam congue, risus semper porta volutpat, quam pede lobortis ligula, sit amet eleifend pede libero quis orci. Nullam molestie nibh in lectus.</html>', 'Cum sociis natoque penatibus et magnis dis parturient montes, nascetur ridiculus mus. Vivamus vestibulum sagittis sapien. Cum sociis natoque penatibus et magnis dis parturient montes, nascetur ridiculus mus.

Etiam vel augue. Vestibulum rutrum rutrum neque. Aenean auctor gravida sem.', 'embrace collaborative ROI', 18);
insert into archives_template_mail (id, expediteur, objet, corps_html, corps_brut, description, id_envoi) values (19, 'dwhatsizei@umich.edu', 'reinvent killer experiences', '<html>Aenean lectus. Pellentesque eget nunc. Donec quis orci eget orci vehicula condimentum.</html>', 'Cras mi pede, malesuada in, imperdiet et, commodo vulputate, justo. In blandit ultrices enim. Lorem ipsum dolor sit amet, consectetuer adipiscing elit.

Proin interdum mauris non ligula pellentesque ultrices. Phasellus id sapien in sapien iaculis congue. Vivamus metus arcu, adipiscing molestie, hendrerit at, vulputate vitae, nisl.

Aenean lectus. Pellentesque eget nunc. Donec quis orci eget orci vehicula condimentum.', null, 19);
insert into archives_template_mail (id, expediteur, objet, corps_html, corps_brut, description, id_envoi) values (20, 'adairtonj@linkedin.com', 'streamline user-centric e-services', '<html>Nulla ut erat id mauris vulputate elementum. Nullam varius. Nulla facilisi.

Cras non velit nec nisi vulputate nonummy. Maecenas tincidunt lacus at velit. Vivamus vel nulla eget eros elementum pellentesque.

Quisque porta volutpat erat. Quisque erat eros, viverra eget, congue eget, semper rutrum, nulla. Nunc purus.</html>', 'Proin eu mi. Nulla ac enim. In tempor, turpis nec euismod scelerisque, quam turpis adipiscing lorem, vitae mattis nibh ligula nec sem.

Duis aliquam convallis nunc. Proin at turpis a pede posuere nonummy. Integer non velit.', 'productize customized vortals', null);
insert into archives_template_mail (id, expediteur, objet, corps_html, corps_brut, description, id_envoi) values (21, 'aalcorank@phpbb.com', 'syndicate frictionless metrics', '<html>Duis consequat dui nec nisi volutpat eleifend. Donec ut dolor. Morbi vel lectus in quam fringilla rhoncus.</html>', 'Praesent blandit. Nam nulla. Integer pede justo, lacinia eget, tincidunt eget, tempus vel, pede.

Morbi porttitor lorem id ligula. Suspendisse ornare consequat lectus. In est risus, auctor sed, tristique in, tempus sit amet, sem.

Fusce consequat. Nulla nisl. Nunc nisl.', 'aggregate B2B interfaces', null);
insert into archives_template_mail (id, expediteur, objet, corps_html, corps_brut, description, id_envoi) values (22, 'kcamposl@rakuten.co.jp', 'implement dot-com applications', '<html>Curabitur gravida nisi at nibh. In hac habitasse platea dictumst. Aliquam augue quam, sollicitudin vitae, consectetuer eget, rutrum at, lorem.</html>', 'Proin leo odio, porttitor id, consequat in, consequat ut, nulla. Sed accumsan felis. Ut at dolor quis odio consequat varius.', 'envisioneer revolutionary web services', 22);
insert into archives_template_mail (id, expediteur, objet, corps_html, corps_brut, description, id_envoi) values (23, 'cdearnaleym@ftc.gov', 'target impactful systems', '<html>Proin leo odio, porttitor id, consequat in, consequat ut, nulla. Sed accumsan felis. Ut at dolor quis odio consequat varius.

Integer ac leo. Pellentesque ultrices mattis odio. Donec vitae nisi.

Nam ultrices, libero non mattis pulvinar, nulla pede ullamcorper augue, a suscipit nulla elit ac nulla. Sed vel enim sit amet nunc viverra dapibus. Nulla suscipit ligula in lacus.</html>', 'Duis bibendum, felis sed interdum venenatis, turpis enim blandit mi, in porttitor pede justo eu massa. Donec dapibus. Duis at velit eu est congue elementum.

In hac habitasse platea dictumst. Morbi vestibulum, velit id pretium iaculis, diam erat fermentum justo, nec condimentum neque sapien placerat ante. Nulla justo.

Aliquam quis turpis eget elit sodales scelerisque. Mauris sit amet eros. Suspendisse accumsan tortor quis turpis.', 'scale proactive metrics', null);
insert into archives_template_mail (id, expediteur, objet, corps_html, corps_brut, description, id_envoi) values (24, 'mlerern@w3.org', 'cultivate best-of-breed infrastructures', '<html>Cum sociis natoque penatibus et magnis dis parturient montes, nascetur ridiculus mus. Vivamus vestibulum sagittis sapien. Cum sociis natoque penatibus et magnis dis parturient montes, nascetur ridiculus mus.

Etiam vel augue. Vestibulum rutrum rutrum neque. Aenean auctor gravida sem.</html>', 'Duis bibendum, felis sed interdum venenatis, turpis enim blandit mi, in porttitor pede justo eu massa. Donec dapibus. Duis at velit eu est congue elementum.

In hac habitasse platea dictumst. Morbi vestibulum, velit id pretium iaculis, diam erat fermentum justo, nec condimentum neque sapien placerat ante. Nulla justo.', 'enable B2B models', 24);
insert into archives_template_mail (id, expediteur, objet, corps_html, corps_brut, description, id_envoi) values (25, 'tbaumeo@live.com', 'engage front-end paradigms', '<html>Etiam vel augue. Vestibulum rutrum rutrum neque. Aenean auctor gravida sem.

Praesent id massa id nisl venenatis lacinia. Aenean sit amet justo. Morbi ut odio.

Cras mi pede, malesuada in, imperdiet et, commodo vulputate, justo. In blandit ultrices enim. Lorem ipsum dolor sit amet, consectetuer adipiscing elit.</html>', 'Cras non velit nec nisi vulputate nonummy. Maecenas tincidunt lacus at velit. Vivamus vel nulla eget eros elementum pellentesque.

Quisque porta volutpat erat. Quisque erat eros, viverra eget, congue eget, semper rutrum, nulla. Nunc purus.', 'integrate 24/7 relationships', null);
insert into archives_template_mail (id, expediteur, objet, corps_html, corps_brut, description, id_envoi) values (26, 'bradolfp@bloomberg.com', 'seize dynamic e-commerce', '<html>Aenean lectus. Pellentesque eget nunc. Donec quis orci eget orci vehicula condimentum.

Curabitur in libero ut massa volutpat convallis. Morbi odio odio, elementum eu, interdum eu, tincidunt in, leo. Maecenas pulvinar lobortis est.

Phasellus sit amet erat. Nulla tempus. Vivamus in felis eu sapien cursus vestibulum.</html>', 'Lorem ipsum dolor sit amet, consectetuer adipiscing elit. Proin risus. Praesent lectus.

Vestibulum quam sapien, varius ut, blandit non, interdum in, ante. Vestibulum ante ipsum primis in faucibus orci luctus et ultrices posuere cubilia Curae; Duis faucibus accumsan odio. Curabitur convallis.

Duis consequat dui nec nisi volutpat eleifend. Donec ut dolor. Morbi vel lectus in quam fringilla rhoncus.', 'implement virtual e-business', null);
insert into archives_template_mail (id, expediteur, objet, corps_html, corps_brut, description, id_envoi) values (27, 'lbourgourq@blogs.com', 'recontextualize leading-edge initiatives', '<html>Vestibulum quam sapien, varius ut, blandit non, interdum in, ante. Vestibulum ante ipsum primis in faucibus orci luctus et ultrices posuere cubilia Curae; Duis faucibus accumsan odio. Curabitur convallis.

Duis consequat dui nec nisi volutpat eleifend. Donec ut dolor. Morbi vel lectus in quam fringilla rhoncus.</html>', 'In congue. Etiam justo. Etiam pretium iaculis justo.', 'transform mission-critical eyeballs', 27);
insert into archives_template_mail (id, expediteur, objet, corps_html, corps_brut, description, id_envoi) values (28, 'roswickr@jalbum.net', 'evolve mission-critical markets', '<html>Duis aliquam convallis nunc. Proin at turpis a pede posuere nonummy. Integer non velit.</html>', 'Proin leo odio, porttitor id, consequat in, consequat ut, nulla. Sed accumsan felis. Ut at dolor quis odio consequat varius.', 'syndicate strategic ROI', 28);
insert into archives_template_mail (id, expediteur, objet, corps_html, corps_brut, description, id_envoi) values (29, 'kemiliens@xing.com', 'brand sticky web-readiness', '<html>In hac habitasse platea dictumst. Morbi vestibulum, velit id pretium iaculis, diam erat fermentum justo, nec condimentum neque sapien placerat ante. Nulla justo.

Aliquam quis turpis eget elit sodales scelerisque. Mauris sit amet eros. Suspendisse accumsan tortor quis turpis.</html>', 'Duis aliquam convallis nunc. Proin at turpis a pede posuere nonummy. Integer non velit.', null, 29);
insert into archives_template_mail (id, expediteur, objet, corps_html, corps_brut, description, id_envoi) values (30, 'bhacquelt@fastcompany.com', 'transform plug-and-play e-services', '<html>In hac habitasse platea dictumst. Morbi vestibulum, velit id pretium iaculis, diam erat fermentum justo, nec condimentum neque sapien placerat ante. Nulla justo.

Aliquam quis turpis eget elit sodales scelerisque. Mauris sit amet eros. Suspendisse accumsan tortor quis turpis.

Sed ante. Vivamus tortor. Duis mattis egestas metus.</html>', 'Quisque porta volutpat erat. Quisque erat eros, viverra eget, congue eget, semper rutrum, nulla. Nunc purus.

Phasellus in felis. Donec semper sapien a libero. Nam dui.', 'orchestrate killer supply-chains', 30);
insert into archives_template_mail (id, expediteur, objet, corps_html, corps_brut, description, id_envoi) values (31, 'cdythamu@ning.com', 'orchestrate dynamic mindshare', '<html>Maecenas leo odio, condimentum id, luctus nec, molestie sed, justo. Pellentesque viverra pede ac diam. Cras pellentesque volutpat dui.</html>', 'Duis bibendum, felis sed interdum venenatis, turpis enim blandit mi, in porttitor pede justo eu massa. Donec dapibus. Duis at velit eu est congue elementum.

In hac habitasse platea dictumst. Morbi vestibulum, velit id pretium iaculis, diam erat fermentum justo, nec condimentum neque sapien placerat ante. Nulla justo.', 'harness world-class communities', 31);
insert into archives_template_mail (id, expediteur, objet, corps_html, corps_brut, description, id_envoi) values (32, 'adaftorv@flavors.me', 'mesh sexy users', '<html>Maecenas ut massa quis augue luctus tincidunt. Nulla mollis molestie lorem. Quisque ut erat.</html>', 'Morbi porttitor lorem id ligula. Suspendisse ornare consequat lectus. In est risus, auctor sed, tristique in, tempus sit amet, sem.', 'reinvent cross-platform content', 32);
insert into archives_template_mail (id, expediteur, objet, corps_html, corps_brut, description, id_envoi) values (33, 'fpow@arizona.edu', 'envisioneer e-business relationships', '<html>Cras non velit nec nisi vulputate nonummy. Maecenas tincidunt lacus at velit. Vivamus vel nulla eget eros elementum pellentesque.

Quisque porta volutpat erat. Quisque erat eros, viverra eget, congue eget, semper rutrum, nulla. Nunc purus.

Phasellus in felis. Donec semper sapien a libero. Nam dui.</html>', 'Phasellus sit amet erat. Nulla tempus. Vivamus in felis eu sapien cursus vestibulum.

Proin eu mi. Nulla ac enim. In tempor, turpis nec euismod scelerisque, quam turpis adipiscing lorem, vitae mattis nibh ligula nec sem.', 'disintermediate e-business ROI', 33);
insert into archives_template_mail (id, expediteur, objet, corps_html, corps_brut, description, id_envoi) values (34, 'dbamblettx@unesco.org', 'iterate plug-and-play interfaces', '<html>Morbi porttitor lorem id ligula. Suspendisse ornare consequat lectus. In est risus, auctor sed, tristique in, tempus sit amet, sem.

Fusce consequat. Nulla nisl. Nunc nisl.</html>', 'Praesent id massa id nisl venenatis lacinia. Aenean sit amet justo. Morbi ut odio.

Cras mi pede, malesuada in, imperdiet et, commodo vulputate, justo. In blandit ultrices enim. Lorem ipsum dolor sit amet, consectetuer adipiscing elit.

Proin interdum mauris non ligula pellentesque ultrices. Phasellus id sapien in sapien iaculis congue. Vivamus metus arcu, adipiscing molestie, hendrerit at, vulputate vitae, nisl.', 'incubate web-enabled infrastructures', 34);
insert into archives_template_mail (id, expediteur, objet, corps_html, corps_brut, description, id_envoi) values (35, 'abrattelly@zimbio.com', 'seize bricks-and-clicks niches', '<html>Integer tincidunt ante vel ipsum. Praesent blandit lacinia erat. Vestibulum sed magna at nunc commodo placerat.

Praesent blandit. Nam nulla. Integer pede justo, lacinia eget, tincidunt eget, tempus vel, pede.

Morbi porttitor lorem id ligula. Suspendisse ornare consequat lectus. In est risus, auctor sed, tristique in, tempus sit amet, sem.</html>', 'Curabitur gravida nisi at nibh. In hac habitasse platea dictumst. Aliquam augue quam, sollicitudin vitae, consectetuer eget, rutrum at, lorem.

Integer tincidunt ante vel ipsum. Praesent blandit lacinia erat. Vestibulum sed magna at nunc commodo placerat.

Praesent blandit. Nam nulla. Integer pede justo, lacinia eget, tincidunt eget, tempus vel, pede.', 'e-enable dot-com niches', 35);
insert into archives_template_mail (id, expediteur, objet, corps_html, corps_brut, description, id_envoi) values (36, 'lhecksz@fastcompany.com', 'streamline integrated technologies', '<html>Duis bibendum, felis sed interdum venenatis, turpis enim blandit mi, in porttitor pede justo eu massa. Donec dapibus. Duis at velit eu est congue elementum.

In hac habitasse platea dictumst. Morbi vestibulum, velit id pretium iaculis, diam erat fermentum justo, nec condimentum neque sapien placerat ante. Nulla justo.</html>', 'Praesent id massa id nisl venenatis lacinia. Aenean sit amet justo. Morbi ut odio.', 'brand efficient experiences', null);
insert into archives_template_mail (id, expediteur, objet, corps_html, corps_brut, description, id_envoi) values (37, 'bwitnall10@japanpost.jp', 'architect user-centric portals', '<html>Quisque porta volutpat erat. Quisque erat eros, viverra eget, congue eget, semper rutrum, nulla. Nunc purus.</html>', 'Integer ac leo. Pellentesque ultrices mattis odio. Donec vitae nisi.', 'embrace collaborative methodologies', null);
insert into archives_template_mail (id, expediteur, objet, corps_html, corps_brut, description, id_envoi) values (38, 'ghain11@google.it', 'disintermediate proactive solutions', '<html>Quisque id justo sit amet sapien dignissim vestibulum. Vestibulum ante ipsum primis in faucibus orci luctus et ultrices posuere cubilia Curae; Nulla dapibus dolor vel est. Donec odio justo, sollicitudin ut, suscipit a, feugiat et, eros.</html>', 'Praesent blandit. Nam nulla. Integer pede justo, lacinia eget, tincidunt eget, tempus vel, pede.

Morbi porttitor lorem id ligula. Suspendisse ornare consequat lectus. In est risus, auctor sed, tristique in, tempus sit amet, sem.

Fusce consequat. Nulla nisl. Nunc nisl.', 'iterate distributed content', 38);
insert into archives_template_mail (id, expediteur, objet, corps_html, corps_brut, description, id_envoi) values (39, 'ccapper12@alexa.com', 'optimize leading-edge paradigms', '<html>Praesent id massa id nisl venenatis lacinia. Aenean sit amet justo. Morbi ut odio.</html>', 'In congue. Etiam justo. Etiam pretium iaculis justo.

In hac habitasse platea dictumst. Etiam faucibus cursus urna. Ut tellus.', 'mesh strategic platforms', 39);
insert into archives_template_mail (id, expediteur, objet, corps_html, corps_brut, description, id_envoi) values (40, 'vtimmis13@163.com', 'cultivate B2C channels', '<html>Nullam sit amet turpis elementum ligula vehicula consequat. Morbi a ipsum. Integer a nibh.

In quis justo. Maecenas rhoncus aliquam lacus. Morbi quis tortor id nulla ultrices aliquet.

Maecenas leo odio, condimentum id, luctus nec, molestie sed, justo. Pellentesque viverra pede ac diam. Cras pellentesque volutpat dui.</html>', 'Duis bibendum, felis sed interdum venenatis, turpis enim blandit mi, in porttitor pede justo eu massa. Donec dapibus. Duis at velit eu est congue elementum.

In hac habitasse platea dictumst. Morbi vestibulum, velit id pretium iaculis, diam erat fermentum justo, nec condimentum neque sapien placerat ante. Nulla justo.

Aliquam quis turpis eget elit sodales scelerisque. Mauris sit amet eros. Suspendisse accumsan tortor quis turpis.', 'grow strategic methodologies', null);
insert into archives_template_mail (id, expediteur, objet, corps_html, corps_brut, description, id_envoi) values (41, 'sbaraclough14@blogtalkradio.com', 'synergize mission-critical supply-chains', '<html>Curabitur in libero ut massa volutpat convallis. Morbi odio odio, elementum eu, interdum eu, tincidunt in, leo. Maecenas pulvinar lobortis est.

Phasellus sit amet erat. Nulla tempus. Vivamus in felis eu sapien cursus vestibulum.

Proin eu mi. Nulla ac enim. In tempor, turpis nec euismod scelerisque, quam turpis adipiscing lorem, vitae mattis nibh ligula nec sem.</html>', 'Quisque id justo sit amet sapien dignissim vestibulum. Vestibulum ante ipsum primis in faucibus orci luctus et ultrices posuere cubilia Curae; Nulla dapibus dolor vel est. Donec odio justo, sollicitudin ut, suscipit a, feugiat et, eros.', 'integrate cross-media deliverables', null);
insert into archives_template_mail (id, expediteur, objet, corps_html, corps_brut, description, id_envoi) values (42, 'imeasures15@nsw.gov.au', 'morph rich infomediaries', '<html>Aenean fermentum. Donec ut mauris eget massa tempor convallis. Nulla neque libero, convallis eget, eleifend luctus, ultricies eu, nibh.

Quisque id justo sit amet sapien dignissim vestibulum. Vestibulum ante ipsum primis in faucibus orci luctus et ultrices posuere cubilia Curae; Nulla dapibus dolor vel est. Donec odio justo, sollicitudin ut, suscipit a, feugiat et, eros.</html>', 'Nulla ut erat id mauris vulputate elementum. Nullam varius. Nulla facilisi.

Cras non velit nec nisi vulputate nonummy. Maecenas tincidunt lacus at velit. Vivamus vel nulla eget eros elementum pellentesque.', 'redefine cross-platform channels', 42);
insert into archives_template_mail (id, expediteur, objet, corps_html, corps_brut, description, id_envoi) values (43, 'mfigure16@cornell.edu', 'cultivate distributed initiatives', '<html>Praesent id massa id nisl venenatis lacinia. Aenean sit amet justo. Morbi ut odio.

Cras mi pede, malesuada in, imperdiet et, commodo vulputate, justo. In blandit ultrices enim. Lorem ipsum dolor sit amet, consectetuer adipiscing elit.

Proin interdum mauris non ligula pellentesque ultrices. Phasellus id sapien in sapien iaculis congue. Vivamus metus arcu, adipiscing molestie, hendrerit at, vulputate vitae, nisl.</html>', 'In sagittis dui vel nisl. Duis ac nibh. Fusce lacus purus, aliquet at, feugiat non, pretium quis, lectus.

Suspendisse potenti. In eleifend quam a odio. In hac habitasse platea dictumst.', 'synthesize sticky partnerships', null);
insert into archives_template_mail (id, expediteur, objet, corps_html, corps_brut, description, id_envoi) values (44, 'emcphillips17@webeden.co.uk', 'morph extensible systems', '<html>Suspendisse potenti. In eleifend quam a odio. In hac habitasse platea dictumst.

Maecenas ut massa quis augue luctus tincidunt. Nulla mollis molestie lorem. Quisque ut erat.</html>', 'Fusce posuere felis sed lacus. Morbi sem mauris, laoreet ut, rhoncus aliquet, pulvinar sed, nisl. Nunc rhoncus dui vel sem.

Sed sagittis. Nam congue, risus semper porta volutpat, quam pede lobortis ligula, sit amet eleifend pede libero quis orci. Nullam molestie nibh in lectus.

Pellentesque at nulla. Suspendisse potenti. Cras in purus eu magna vulputate luctus.', 'generate user-centric channels', 44);
insert into archives_template_mail (id, expediteur, objet, corps_html, corps_brut, description, id_envoi) values (45, 'cmalletratt18@pen.io', 'target B2B e-tailers', '<html>Cum sociis natoque penatibus et magnis dis parturient montes, nascetur ridiculus mus. Vivamus vestibulum sagittis sapien. Cum sociis natoque penatibus et magnis dis parturient montes, nascetur ridiculus mus.

Etiam vel augue. Vestibulum rutrum rutrum neque. Aenean auctor gravida sem.

Praesent id massa id nisl venenatis lacinia. Aenean sit amet justo. Morbi ut odio.</html>', 'Vestibulum ac est lacinia nisi venenatis tristique. Fusce congue, diam id ornare imperdiet, sapien urna pretium nisl, ut volutpat sapien arcu sed augue. Aliquam erat volutpat.', 'deploy visionary initiatives', 45);
insert into archives_template_mail (id, expediteur, objet, corps_html, corps_brut, description, id_envoi) values (46, 'geleshenar19@hexun.com', 'evolve cross-media communities', '<html>Cras non velit nec nisi vulputate nonummy. Maecenas tincidunt lacus at velit. Vivamus vel nulla eget eros elementum pellentesque.

Quisque porta volutpat erat. Quisque erat eros, viverra eget, congue eget, semper rutrum, nulla. Nunc purus.

Phasellus in felis. Donec semper sapien a libero. Nam dui.</html>', 'Maecenas leo odio, condimentum id, luctus nec, molestie sed, justo. Pellentesque viverra pede ac diam. Cras pellentesque volutpat dui.', 'embrace one-to-one portals', 46);
insert into archives_template_mail (id, expediteur, objet, corps_html, corps_brut, description, id_envoi) values (47, 'dgoulthorp1a@globo.com', 'seize back-end e-business', '<html>Integer ac leo. Pellentesque ultrices mattis odio. Donec vitae nisi.

Nam ultrices, libero non mattis pulvinar, nulla pede ullamcorper augue, a suscipit nulla elit ac nulla. Sed vel enim sit amet nunc viverra dapibus. Nulla suscipit ligula in lacus.</html>', 'Cum sociis natoque penatibus et magnis dis parturient montes, nascetur ridiculus mus. Vivamus vestibulum sagittis sapien. Cum sociis natoque penatibus et magnis dis parturient montes, nascetur ridiculus mus.

Etiam vel augue. Vestibulum rutrum rutrum neque. Aenean auctor gravida sem.', null, null);
insert into archives_template_mail (id, expediteur, objet, corps_html, corps_brut, description, id_envoi) values (48, 'godornan1b@lulu.com', 'recontextualize 24/365 e-tailers', '<html>Phasellus sit amet erat. Nulla tempus. Vivamus in felis eu sapien cursus vestibulum.

Proin eu mi. Nulla ac enim. In tempor, turpis nec euismod scelerisque, quam turpis adipiscing lorem, vitae mattis nibh ligula nec sem.</html>', 'Phasellus in felis. Donec semper sapien a libero. Nam dui.

Proin leo odio, porttitor id, consequat in, consequat ut, nulla. Sed accumsan felis. Ut at dolor quis odio consequat varius.', null, null);
insert into archives_template_mail (id, expediteur, objet, corps_html, corps_brut, description, id_envoi) values (49, 'mfranzewitch1c@shop-pro.jp', 'deploy ubiquitous methodologies', '<html>Proin eu mi. Nulla ac enim. In tempor, turpis nec euismod scelerisque, quam turpis adipiscing lorem, vitae mattis nibh ligula nec sem.

Duis aliquam convallis nunc. Proin at turpis a pede posuere nonummy. Integer non velit.

Donec diam neque, vestibulum eget, vulputate ut, ultrices vel, augue. Vestibulum ante ipsum primis in faucibus orci luctus et ultrices posuere cubilia Curae; Donec pharetra, magna vestibulum aliquet ultrices, erat tortor sollicitudin mi, sit amet lobortis sapien sapien non mi. Integer ac neque.</html>', 'Curabitur in libero ut massa volutpat convallis. Morbi odio odio, elementum eu, interdum eu, tincidunt in, leo. Maecenas pulvinar lobortis est.', 'empower robust technologies', 49);
insert into archives_template_mail (id, expediteur, objet, corps_html, corps_brut, description, id_envoi) values (50, 'lbohea1d@ucoz.ru', 'expedite seamless e-business', '<html>Duis bibendum. Morbi non quam nec dui luctus rutrum. Nulla tellus.

In sagittis dui vel nisl. Duis ac nibh. Fusce lacus purus, aliquet at, feugiat non, pretium quis, lectus.

Suspendisse potenti. In eleifend quam a odio. In hac habitasse platea dictumst.</html>', 'Vestibulum quam sapien, varius ut, blandit non, interdum in, ante. Vestibulum ante ipsum primis in faucibus orci luctus et ultrices posuere cubilia Curae; Duis faucibus accumsan odio. Curabitur convallis.

Duis consequat dui nec nisi volutpat eleifend. Donec ut dolor. Morbi vel lectus in quam fringilla rhoncus.', 'extend bricks-and-clicks solutions', 50);
insert into archives_template_mail (id, expediteur, objet, corps_html, corps_brut, description, id_envoi) values (51, 'herickson1e@google.co.jp', 'extend bricks-and-clicks methodologies', '<html>Aliquam quis turpis eget elit sodales scelerisque. Mauris sit amet eros. Suspendisse accumsan tortor quis turpis.</html>', 'Cras non velit nec nisi vulputate nonummy. Maecenas tincidunt lacus at velit. Vivamus vel nulla eget eros elementum pellentesque.

Quisque porta volutpat erat. Quisque erat eros, viverra eget, congue eget, semper rutrum, nulla. Nunc purus.', 'synthesize mission-critical models', 51);
insert into archives_template_mail (id, expediteur, objet, corps_html, corps_brut, description, id_envoi) values (52, 'rgerry1f@cargocollective.com', 'innovate transparent initiatives', '<html>Suspendisse potenti. In eleifend quam a odio. In hac habitasse platea dictumst.

Maecenas ut massa quis augue luctus tincidunt. Nulla mollis molestie lorem. Quisque ut erat.</html>', 'Phasellus in felis. Donec semper sapien a libero. Nam dui.

Proin leo odio, porttitor id, consequat in, consequat ut, nulla. Sed accumsan felis. Ut at dolor quis odio consequat varius.', 'transform cross-media e-business', 52);
insert into archives_template_mail (id, expediteur, objet, corps_html, corps_brut, description, id_envoi) values (53, 'jbayles1g@vkontakte.ru', 'enhance magnetic architectures', '<html>Curabitur at ipsum ac tellus semper interdum. Mauris ullamcorper purus sit amet nulla. Quisque arcu libero, rutrum ac, lobortis vel, dapibus at, diam.</html>', 'Lorem ipsum dolor sit amet, consectetuer adipiscing elit. Proin risus. Praesent lectus.

Vestibulum quam sapien, varius ut, blandit non, interdum in, ante. Vestibulum ante ipsum primis in faucibus orci luctus et ultrices posuere cubilia Curae; Duis faucibus accumsan odio. Curabitur convallis.', 'revolutionize value-added initiatives', null);
insert into archives_template_mail (id, expediteur, objet, corps_html, corps_brut, description, id_envoi) values (54, 'jlynthal1h@patch.com', 'strategize proactive initiatives', '<html>In sagittis dui vel nisl. Duis ac nibh. Fusce lacus purus, aliquet at, feugiat non, pretium quis, lectus.

Suspendisse potenti. In eleifend quam a odio. In hac habitasse platea dictumst.</html>', 'Maecenas leo odio, condimentum id, luctus nec, molestie sed, justo. Pellentesque viverra pede ac diam. Cras pellentesque volutpat dui.

Maecenas tristique, est et tempus semper, est quam pharetra magna, ac consequat metus sapien ut nunc. Vestibulum ante ipsum primis in faucibus orci luctus et ultrices posuere cubilia Curae; Mauris viverra diam vitae quam. Suspendisse potenti.', 'monetize sticky web services', null);
insert into archives_template_mail (id, expediteur, objet, corps_html, corps_brut, description, id_envoi) values (55, 'gcherry1i@ucoz.ru', 'monetize efficient architectures', '<html>Quisque id justo sit amet sapien dignissim vestibulum. Vestibulum ante ipsum primis in faucibus orci luctus et ultrices posuere cubilia Curae; Nulla dapibus dolor vel est. Donec odio justo, sollicitudin ut, suscipit a, feugiat et, eros.

Vestibulum ac est lacinia nisi venenatis tristique. Fusce congue, diam id ornare imperdiet, sapien urna pretium nisl, ut volutpat sapien arcu sed augue. Aliquam erat volutpat.

In congue. Etiam justo. Etiam pretium iaculis justo.</html>', 'Curabitur in libero ut massa volutpat convallis. Morbi odio odio, elementum eu, interdum eu, tincidunt in, leo. Maecenas pulvinar lobortis est.

Phasellus sit amet erat. Nulla tempus. Vivamus in felis eu sapien cursus vestibulum.

Proin eu mi. Nulla ac enim. In tempor, turpis nec euismod scelerisque, quam turpis adipiscing lorem, vitae mattis nibh ligula nec sem.', 'harness real-time technologies', 55);
insert into archives_template_mail (id, expediteur, objet, corps_html, corps_brut, description, id_envoi) values (56, 'jlongworth1j@ihg.com', 'incentivize global users', '<html>Morbi non lectus. Aliquam sit amet diam in magna bibendum imperdiet. Nullam orci pede, venenatis non, sodales sed, tincidunt eu, felis.

Fusce posuere felis sed lacus. Morbi sem mauris, laoreet ut, rhoncus aliquet, pulvinar sed, nisl. Nunc rhoncus dui vel sem.

Sed sagittis. Nam congue, risus semper porta volutpat, quam pede lobortis ligula, sit amet eleifend pede libero quis orci. Nullam molestie nibh in lectus.</html>', 'Curabitur at ipsum ac tellus semper interdum. Mauris ullamcorper purus sit amet nulla. Quisque arcu libero, rutrum ac, lobortis vel, dapibus at, diam.', 'expedite cross-platform interfaces', 56);
insert into archives_template_mail (id, expediteur, objet, corps_html, corps_brut, description, id_envoi) values (57, 'bmockford1k@163.com', 'transition compelling communities', '<html>Aenean fermentum. Donec ut mauris eget massa tempor convallis. Nulla neque libero, convallis eget, eleifend luctus, ultricies eu, nibh.</html>', 'Etiam vel augue. Vestibulum rutrum rutrum neque. Aenean auctor gravida sem.

Praesent id massa id nisl venenatis lacinia. Aenean sit amet justo. Morbi ut odio.', 'evolve B2C users', 57);
insert into archives_template_mail (id, expediteur, objet, corps_html, corps_brut, description, id_envoi) values (58, 'cparham1l@vimeo.com', 'enhance 24/365 initiatives', '<html>In hac habitasse platea dictumst. Etiam faucibus cursus urna. Ut tellus.

Nulla ut erat id mauris vulputate elementum. Nullam varius. Nulla facilisi.

Cras non velit nec nisi vulputate nonummy. Maecenas tincidunt lacus at velit. Vivamus vel nulla eget eros elementum pellentesque.</html>', 'Duis consequat dui nec nisi volutpat eleifend. Donec ut dolor. Morbi vel lectus in quam fringilla rhoncus.', 'engage robust interfaces', 58);
insert into archives_template_mail (id, expediteur, objet, corps_html, corps_brut, description, id_envoi) values (59, 'ctong1m@google.com.au', 'exploit global e-services', '<html>In hac habitasse platea dictumst. Morbi vestibulum, velit id pretium iaculis, diam erat fermentum justo, nec condimentum neque sapien placerat ante. Nulla justo.

Aliquam quis turpis eget elit sodales scelerisque. Mauris sit amet eros. Suspendisse accumsan tortor quis turpis.</html>', 'In quis justo. Maecenas rhoncus aliquam lacus. Morbi quis tortor id nulla ultrices aliquet.', 'redefine killer convergence', 59);
insert into archives_template_mail (id, expediteur, objet, corps_html, corps_brut, description, id_envoi) values (60, 'lcortez1n@tinypic.com', 'envisioneer sexy portals', '<html>In congue. Etiam justo. Etiam pretium iaculis justo.

In hac habitasse platea dictumst. Etiam faucibus cursus urna. Ut tellus.</html>', 'Vestibulum quam sapien, varius ut, blandit non, interdum in, ante. Vestibulum ante ipsum primis in faucibus orci luctus et ultrices posuere cubilia Curae; Duis faucibus accumsan odio. Curabitur convallis.

Duis consequat dui nec nisi volutpat eleifend. Donec ut dolor. Morbi vel lectus in quam fringilla rhoncus.', 'strategize end-to-end ROI', 60);
insert into archives_template_mail (id, expediteur, objet, corps_html, corps_brut, description, id_envoi) values (61, 'mflucks1o@ehow.com', 'target dynamic networks', '<html>Etiam vel augue. Vestibulum rutrum rutrum neque. Aenean auctor gravida sem.</html>', 'Phasellus in felis. Donec semper sapien a libero. Nam dui.

Proin leo odio, porttitor id, consequat in, consequat ut, nulla. Sed accumsan felis. Ut at dolor quis odio consequat varius.', 'exploit seamless applications', 61);
insert into archives_template_mail (id, expediteur, objet, corps_html, corps_brut, description, id_envoi) values (62, 'ckovelmann1p@instagram.com', 'drive collaborative eyeballs', '<html>In hac habitasse platea dictumst. Morbi vestibulum, velit id pretium iaculis, diam erat fermentum justo, nec condimentum neque sapien placerat ante. Nulla justo.

Aliquam quis turpis eget elit sodales scelerisque. Mauris sit amet eros. Suspendisse accumsan tortor quis turpis.

Sed ante. Vivamus tortor. Duis mattis egestas metus.</html>', 'Fusce posuere felis sed lacus. Morbi sem mauris, laoreet ut, rhoncus aliquet, pulvinar sed, nisl. Nunc rhoncus dui vel sem.', 'integrate user-centric ROI', null);
insert into archives_template_mail (id, expediteur, objet, corps_html, corps_brut, description, id_envoi) values (63, 'gvarker1q@tuttocitta.it', 'e-enable holistic niches', '<html>Aenean lectus. Pellentesque eget nunc. Donec quis orci eget orci vehicula condimentum.

Curabitur in libero ut massa volutpat convallis. Morbi odio odio, elementum eu, interdum eu, tincidunt in, leo. Maecenas pulvinar lobortis est.

Phasellus sit amet erat. Nulla tempus. Vivamus in felis eu sapien cursus vestibulum.</html>', 'Vestibulum quam sapien, varius ut, blandit non, interdum in, ante. Vestibulum ante ipsum primis in faucibus orci luctus et ultrices posuere cubilia Curae; Duis faucibus accumsan odio. Curabitur convallis.

Duis consequat dui nec nisi volutpat eleifend. Donec ut dolor. Morbi vel lectus in quam fringilla rhoncus.

Mauris enim leo, rhoncus sed, vestibulum sit amet, cursus id, turpis. Integer aliquet, massa id lobortis convallis, tortor risus dapibus augue, vel accumsan tellus nisi eu orci. Mauris lacinia sapien quis libero.', 'facilitate bleeding-edge metrics', null);
insert into archives_template_mail (id, expediteur, objet, corps_html, corps_brut, description, id_envoi) values (64, 'gkilbane1r@cpanel.net', 'architect vertical technologies', '<html>Duis consequat dui nec nisi volutpat eleifend. Donec ut dolor. Morbi vel lectus in quam fringilla rhoncus.</html>', 'Morbi porttitor lorem id ligula. Suspendisse ornare consequat lectus. In est risus, auctor sed, tristique in, tempus sit amet, sem.

Fusce consequat. Nulla nisl. Nunc nisl.', null, 64);
insert into archives_template_mail (id, expediteur, objet, corps_html, corps_brut, description, id_envoi) values (65, 'fwoollaston1s@skype.com', 'matrix strategic relationships', '<html>Curabitur gravida nisi at nibh. In hac habitasse platea dictumst. Aliquam augue quam, sollicitudin vitae, consectetuer eget, rutrum at, lorem.

Integer tincidunt ante vel ipsum. Praesent blandit lacinia erat. Vestibulum sed magna at nunc commodo placerat.

Praesent blandit. Nam nulla. Integer pede justo, lacinia eget, tincidunt eget, tempus vel, pede.</html>', 'Integer ac leo. Pellentesque ultrices mattis odio. Donec vitae nisi.

Nam ultrices, libero non mattis pulvinar, nulla pede ullamcorper augue, a suscipit nulla elit ac nulla. Sed vel enim sit amet nunc viverra dapibus. Nulla suscipit ligula in lacus.', 'harness cutting-edge mindshare', 65);
insert into archives_template_mail (id, expediteur, objet, corps_html, corps_brut, description, id_envoi) values (66, 'dchaman1t@amazon.de', 'envisioneer vertical web services', '<html>Aliquam quis turpis eget elit sodales scelerisque. Mauris sit amet eros. Suspendisse accumsan tortor quis turpis.

Sed ante. Vivamus tortor. Duis mattis egestas metus.</html>', 'Mauris enim leo, rhoncus sed, vestibulum sit amet, cursus id, turpis. Integer aliquet, massa id lobortis convallis, tortor risus dapibus augue, vel accumsan tellus nisi eu orci. Mauris lacinia sapien quis libero.

Nullam sit amet turpis elementum ligula vehicula consequat. Morbi a ipsum. Integer a nibh.

In quis justo. Maecenas rhoncus aliquam lacus. Morbi quis tortor id nulla ultrices aliquet.', null, 66);
insert into archives_template_mail (id, expediteur, objet, corps_html, corps_brut, description, id_envoi) values (67, 'scosgrive1u@home.pl', 'reinvent e-business schemas', '<html>Aenean lectus. Pellentesque eget nunc. Donec quis orci eget orci vehicula condimentum.</html>', 'Sed sagittis. Nam congue, risus semper porta volutpat, quam pede lobortis ligula, sit amet eleifend pede libero quis orci. Nullam molestie nibh in lectus.

Pellentesque at nulla. Suspendisse potenti. Cras in purus eu magna vulputate luctus.

Cum sociis natoque penatibus et magnis dis parturient montes, nascetur ridiculus mus. Vivamus vestibulum sagittis sapien. Cum sociis natoque penatibus et magnis dis parturient montes, nascetur ridiculus mus.', 'brand user-centric functionalities', 67);
insert into archives_template_mail (id, expediteur, objet, corps_html, corps_brut, description, id_envoi) values (68, 'mcymper1v@cnn.com', 'reinvent enterprise markets', '<html>Vestibulum quam sapien, varius ut, blandit non, interdum in, ante. Vestibulum ante ipsum primis in faucibus orci luctus et ultrices posuere cubilia Curae; Duis faucibus accumsan odio. Curabitur convallis.</html>', 'Pellentesque at nulla. Suspendisse potenti. Cras in purus eu magna vulputate luctus.

Cum sociis natoque penatibus et magnis dis parturient montes, nascetur ridiculus mus. Vivamus vestibulum sagittis sapien. Cum sociis natoque penatibus et magnis dis parturient montes, nascetur ridiculus mus.

Etiam vel augue. Vestibulum rutrum rutrum neque. Aenean auctor gravida sem.', 'mesh leading-edge ROI', 68);
insert into archives_template_mail (id, expediteur, objet, corps_html, corps_brut, description, id_envoi) values (69, 'aderl1w@wordpress.com', 'revolutionize best-of-breed relationships', '<html>Nullam sit amet turpis elementum ligula vehicula consequat. Morbi a ipsum. Integer a nibh.</html>', 'Phasellus in felis. Donec semper sapien a libero. Nam dui.

Proin leo odio, porttitor id, consequat in, consequat ut, nulla. Sed accumsan felis. Ut at dolor quis odio consequat varius.

Integer ac leo. Pellentesque ultrices mattis odio. Donec vitae nisi.', 'productize intuitive convergence', null);
insert into archives_template_mail (id, expediteur, objet, corps_html, corps_brut, description, id_envoi) values (70, 'mnewby1x@zimbio.com', 'enhance compelling users', '<html>Proin leo odio, porttitor id, consequat in, consequat ut, nulla. Sed accumsan felis. Ut at dolor quis odio consequat varius.

Integer ac leo. Pellentesque ultrices mattis odio. Donec vitae nisi.</html>', 'Nullam sit amet turpis elementum ligula vehicula consequat. Morbi a ipsum. Integer a nibh.', 'target one-to-one deliverables', null);
insert into archives_template_mail (id, expediteur, objet, corps_html, corps_brut, description, id_envoi) values (71, 'cmcfaul1y@quantcast.com', 'utilize collaborative methodologies', '<html>In quis justo. Maecenas rhoncus aliquam lacus. Morbi quis tortor id nulla ultrices aliquet.

Maecenas leo odio, condimentum id, luctus nec, molestie sed, justo. Pellentesque viverra pede ac diam. Cras pellentesque volutpat dui.

Maecenas tristique, est et tempus semper, est quam pharetra magna, ac consequat metus sapien ut nunc. Vestibulum ante ipsum primis in faucibus orci luctus et ultrices posuere cubilia Curae; Mauris viverra diam vitae quam. Suspendisse potenti.</html>', 'Sed sagittis. Nam congue, risus semper porta volutpat, quam pede lobortis ligula, sit amet eleifend pede libero quis orci. Nullam molestie nibh in lectus.', 'harness best-of-breed e-commerce', 71);
insert into archives_template_mail (id, expediteur, objet, corps_html, corps_brut, description, id_envoi) values (72, 'jskitch1z@fotki.com', 'redefine vertical solutions', '<html>Duis aliquam convallis nunc. Proin at turpis a pede posuere nonummy. Integer non velit.

Donec diam neque, vestibulum eget, vulputate ut, ultrices vel, augue. Vestibulum ante ipsum primis in faucibus orci luctus et ultrices posuere cubilia Curae; Donec pharetra, magna vestibulum aliquet ultrices, erat tortor sollicitudin mi, sit amet lobortis sapien sapien non mi. Integer ac neque.

Duis bibendum. Morbi non quam nec dui luctus rutrum. Nulla tellus.</html>', 'Quisque id justo sit amet sapien dignissim vestibulum. Vestibulum ante ipsum primis in faucibus orci luctus et ultrices posuere cubilia Curae; Nulla dapibus dolor vel est. Donec odio justo, sollicitudin ut, suscipit a, feugiat et, eros.

Vestibulum ac est lacinia nisi venenatis tristique. Fusce congue, diam id ornare imperdiet, sapien urna pretium nisl, ut volutpat sapien arcu sed augue. Aliquam erat volutpat.

In congue. Etiam justo. Etiam pretium iaculis justo.', 'benchmark ubiquitous infrastructures', 72);
insert into archives_template_mail (id, expediteur, objet, corps_html, corps_brut, description, id_envoi) values (73, 'wfawcitt20@ning.com', 'transform sticky technologies', '<html>Proin eu mi. Nulla ac enim. In tempor, turpis nec euismod scelerisque, quam turpis adipiscing lorem, vitae mattis nibh ligula nec sem.

Duis aliquam convallis nunc. Proin at turpis a pede posuere nonummy. Integer non velit.</html>', 'Maecenas tristique, est et tempus semper, est quam pharetra magna, ac consequat metus sapien ut nunc. Vestibulum ante ipsum primis in faucibus orci luctus et ultrices posuere cubilia Curae; Mauris viverra diam vitae quam. Suspendisse potenti.', 'redefine revolutionary interfaces', 73);
insert into archives_template_mail (id, expediteur, objet, corps_html, corps_brut, description, id_envoi) values (74, 'stwelftree21@globo.com', 'deliver plug-and-play communities', '<html>Sed sagittis. Nam congue, risus semper porta volutpat, quam pede lobortis ligula, sit amet eleifend pede libero quis orci. Nullam molestie nibh in lectus.

Pellentesque at nulla. Suspendisse potenti. Cras in purus eu magna vulputate luctus.</html>', 'Integer ac leo. Pellentesque ultrices mattis odio. Donec vitae nisi.', 'syndicate efficient functionalities', 74);
insert into archives_template_mail (id, expediteur, objet, corps_html, corps_brut, description, id_envoi) values (75, 'sginnaly22@360.cn', 'incubate efficient web services', '<html>Integer ac leo. Pellentesque ultrices mattis odio. Donec vitae nisi.

Nam ultrices, libero non mattis pulvinar, nulla pede ullamcorper augue, a suscipit nulla elit ac nulla. Sed vel enim sit amet nunc viverra dapibus. Nulla suscipit ligula in lacus.</html>', 'Sed ante. Vivamus tortor. Duis mattis egestas metus.

Aenean fermentum. Donec ut mauris eget massa tempor convallis. Nulla neque libero, convallis eget, eleifend luctus, ultricies eu, nibh.', 'generate dynamic technologies', 75);
insert into archives_template_mail (id, expediteur, objet, corps_html, corps_brut, description, id_envoi) values (76, 'jantowski23@goo.gl', 'productize end-to-end initiatives', '<html>Aenean fermentum. Donec ut mauris eget massa tempor convallis. Nulla neque libero, convallis eget, eleifend luctus, ultricies eu, nibh.

Quisque id justo sit amet sapien dignissim vestibulum. Vestibulum ante ipsum primis in faucibus orci luctus et ultrices posuere cubilia Curae; Nulla dapibus dolor vel est. Donec odio justo, sollicitudin ut, suscipit a, feugiat et, eros.

Vestibulum ac est lacinia nisi venenatis tristique. Fusce congue, diam id ornare imperdiet, sapien urna pretium nisl, ut volutpat sapien arcu sed augue. Aliquam erat volutpat.</html>', 'In sagittis dui vel nisl. Duis ac nibh. Fusce lacus purus, aliquet at, feugiat non, pretium quis, lectus.', 'empower collaborative technologies', 76);
insert into archives_template_mail (id, expediteur, objet, corps_html, corps_brut, description, id_envoi) values (77, 'bgeffinger24@toplist.cz', 'deploy user-centric convergence', '<html>Vestibulum quam sapien, varius ut, blandit non, interdum in, ante. Vestibulum ante ipsum primis in faucibus orci luctus et ultrices posuere cubilia Curae; Duis faucibus accumsan odio. Curabitur convallis.

Duis consequat dui nec nisi volutpat eleifend. Donec ut dolor. Morbi vel lectus in quam fringilla rhoncus.

Mauris enim leo, rhoncus sed, vestibulum sit amet, cursus id, turpis. Integer aliquet, massa id lobortis convallis, tortor risus dapibus augue, vel accumsan tellus nisi eu orci. Mauris lacinia sapien quis libero.</html>', 'Cum sociis natoque penatibus et magnis dis parturient montes, nascetur ridiculus mus. Vivamus vestibulum sagittis sapien. Cum sociis natoque penatibus et magnis dis parturient montes, nascetur ridiculus mus.

Etiam vel augue. Vestibulum rutrum rutrum neque. Aenean auctor gravida sem.

Praesent id massa id nisl venenatis lacinia. Aenean sit amet justo. Morbi ut odio.', 'syndicate frictionless niches', 77);
insert into archives_template_mail (id, expediteur, objet, corps_html, corps_brut, description, id_envoi) values (78, 'fbyles25@google.co.jp', 'target innovative e-markets', '<html>Nam ultrices, libero non mattis pulvinar, nulla pede ullamcorper augue, a suscipit nulla elit ac nulla. Sed vel enim sit amet nunc viverra dapibus. Nulla suscipit ligula in lacus.</html>', 'In hac habitasse platea dictumst. Morbi vestibulum, velit id pretium iaculis, diam erat fermentum justo, nec condimentum neque sapien placerat ante. Nulla justo.

Aliquam quis turpis eget elit sodales scelerisque. Mauris sit amet eros. Suspendisse accumsan tortor quis turpis.', 'evolve extensible action-items', 78);
insert into archives_template_mail (id, expediteur, objet, corps_html, corps_brut, description, id_envoi) values (79, 'bbernath26@artisteer.com', 'e-enable robust mindshare', '<html>Aenean fermentum. Donec ut mauris eget massa tempor convallis. Nulla neque libero, convallis eget, eleifend luctus, ultricies eu, nibh.</html>', 'Aliquam quis turpis eget elit sodales scelerisque. Mauris sit amet eros. Suspendisse accumsan tortor quis turpis.', null, 79);
insert into archives_template_mail (id, expediteur, objet, corps_html, corps_brut, description, id_envoi) values (80, 'rpendell27@youku.com', 'synthesize visionary schemas', '<html>Praesent blandit. Nam nulla. Integer pede justo, lacinia eget, tincidunt eget, tempus vel, pede.

Morbi porttitor lorem id ligula. Suspendisse ornare consequat lectus. In est risus, auctor sed, tristique in, tempus sit amet, sem.

Fusce consequat. Nulla nisl. Nunc nisl.</html>', 'Praesent id massa id nisl venenatis lacinia. Aenean sit amet justo. Morbi ut odio.

Cras mi pede, malesuada in, imperdiet et, commodo vulputate, justo. In blandit ultrices enim. Lorem ipsum dolor sit amet, consectetuer adipiscing elit.', 'reintermediate B2C ROI', null);
insert into archives_template_mail (id, expediteur, objet, corps_html, corps_brut, description, id_envoi) values (81, 'saime28@businessweek.com', 'drive revolutionary interfaces', '<html>Nullam sit amet turpis elementum ligula vehicula consequat. Morbi a ipsum. Integer a nibh.</html>', 'Etiam vel augue. Vestibulum rutrum rutrum neque. Aenean auctor gravida sem.

Praesent id massa id nisl venenatis lacinia. Aenean sit amet justo. Morbi ut odio.

Cras mi pede, malesuada in, imperdiet et, commodo vulputate, justo. In blandit ultrices enim. Lorem ipsum dolor sit amet, consectetuer adipiscing elit.', 'reinvent collaborative channels', 81);
insert into archives_template_mail (id, expediteur, objet, corps_html, corps_brut, description, id_envoi) values (82, 'cgirardetti29@ning.com', 'unleash strategic applications', '<html>Integer tincidunt ante vel ipsum. Praesent blandit lacinia erat. Vestibulum sed magna at nunc commodo placerat.</html>', 'Duis aliquam convallis nunc. Proin at turpis a pede posuere nonummy. Integer non velit.

Donec diam neque, vestibulum eget, vulputate ut, ultrices vel, augue. Vestibulum ante ipsum primis in faucibus orci luctus et ultrices posuere cubilia Curae; Donec pharetra, magna vestibulum aliquet ultrices, erat tortor sollicitudin mi, sit amet lobortis sapien sapien non mi. Integer ac neque.', null, null);
insert into archives_template_mail (id, expediteur, objet, corps_html, corps_brut, description, id_envoi) values (83, 'glube2a@canalblog.com', 'maximize global solutions', '<html>Lorem ipsum dolor sit amet, consectetuer adipiscing elit. Proin risus. Praesent lectus.

Vestibulum quam sapien, varius ut, blandit non, interdum in, ante. Vestibulum ante ipsum primis in faucibus orci luctus et ultrices posuere cubilia Curae; Duis faucibus accumsan odio. Curabitur convallis.</html>', 'Integer ac leo. Pellentesque ultrices mattis odio. Donec vitae nisi.

Nam ultrices, libero non mattis pulvinar, nulla pede ullamcorper augue, a suscipit nulla elit ac nulla. Sed vel enim sit amet nunc viverra dapibus. Nulla suscipit ligula in lacus.

Curabitur at ipsum ac tellus semper interdum. Mauris ullamcorper purus sit amet nulla. Quisque arcu libero, rutrum ac, lobortis vel, dapibus at, diam.', 'extend B2B experiences', null);
insert into archives_template_mail (id, expediteur, objet, corps_html, corps_brut, description, id_envoi) values (84, 'asilson2b@g.co', 'e-enable magnetic niches', '<html>Praesent id massa id nisl venenatis lacinia. Aenean sit amet justo. Morbi ut odio.</html>', 'Nullam sit amet turpis elementum ligula vehicula consequat. Morbi a ipsum. Integer a nibh.

In quis justo. Maecenas rhoncus aliquam lacus. Morbi quis tortor id nulla ultrices aliquet.', 'deliver turn-key synergies', null);
insert into archives_template_mail (id, expediteur, objet, corps_html, corps_brut, description, id_envoi) values (85, 'rhansman2c@purevolume.com', 'incubate rich schemas', '<html>Cras mi pede, malesuada in, imperdiet et, commodo vulputate, justo. In blandit ultrices enim. Lorem ipsum dolor sit amet, consectetuer adipiscing elit.</html>', 'Curabitur gravida nisi at nibh. In hac habitasse platea dictumst. Aliquam augue quam, sollicitudin vitae, consectetuer eget, rutrum at, lorem.

Integer tincidunt ante vel ipsum. Praesent blandit lacinia erat. Vestibulum sed magna at nunc commodo placerat.

Praesent blandit. Nam nulla. Integer pede justo, lacinia eget, tincidunt eget, tempus vel, pede.', 'cultivate robust functionalities', 85);
insert into archives_template_mail (id, expediteur, objet, corps_html, corps_brut, description, id_envoi) values (86, 'dsimes2d@newsvine.com', 'whiteboard customized e-business', '<html>Pellentesque at nulla. Suspendisse potenti. Cras in purus eu magna vulputate luctus.

Cum sociis natoque penatibus et magnis dis parturient montes, nascetur ridiculus mus. Vivamus vestibulum sagittis sapien. Cum sociis natoque penatibus et magnis dis parturient montes, nascetur ridiculus mus.

Etiam vel augue. Vestibulum rutrum rutrum neque. Aenean auctor gravida sem.</html>', 'Quisque porta volutpat erat. Quisque erat eros, viverra eget, congue eget, semper rutrum, nulla. Nunc purus.

Phasellus in felis. Donec semper sapien a libero. Nam dui.

Proin leo odio, porttitor id, consequat in, consequat ut, nulla. Sed accumsan felis. Ut at dolor quis odio consequat varius.', 'architect sexy initiatives', 86);
insert into archives_template_mail (id, expediteur, objet, corps_html, corps_brut, description, id_envoi) values (87, 'sbenardeau2e@nba.com', 'e-enable web-enabled mindshare', '<html>Vestibulum quam sapien, varius ut, blandit non, interdum in, ante. Vestibulum ante ipsum primis in faucibus orci luctus et ultrices posuere cubilia Curae; Duis faucibus accumsan odio. Curabitur convallis.

Duis consequat dui nec nisi volutpat eleifend. Donec ut dolor. Morbi vel lectus in quam fringilla rhoncus.</html>', 'Lorem ipsum dolor sit amet, consectetuer adipiscing elit. Proin risus. Praesent lectus.

Vestibulum quam sapien, varius ut, blandit non, interdum in, ante. Vestibulum ante ipsum primis in faucibus orci luctus et ultrices posuere cubilia Curae; Duis faucibus accumsan odio. Curabitur convallis.', 'reintermediate intuitive experiences', 87);
insert into archives_template_mail (id, expediteur, objet, corps_html, corps_brut, description, id_envoi) values (88, 'acordero2f@themeforest.net', 'innovate frictionless metrics', '<html>Maecenas ut massa quis augue luctus tincidunt. Nulla mollis molestie lorem. Quisque ut erat.</html>', 'Phasellus sit amet erat. Nulla tempus. Vivamus in felis eu sapien cursus vestibulum.

Proin eu mi. Nulla ac enim. In tempor, turpis nec euismod scelerisque, quam turpis adipiscing lorem, vitae mattis nibh ligula nec sem.

Duis aliquam convallis nunc. Proin at turpis a pede posuere nonummy. Integer non velit.', null, null);
insert into archives_template_mail (id, expediteur, objet, corps_html, corps_brut, description, id_envoi) values (89, 'ekarleman2g@blinklist.com', 'whiteboard back-end functionalities', '<html>Maecenas tristique, est et tempus semper, est quam pharetra magna, ac consequat metus sapien ut nunc. Vestibulum ante ipsum primis in faucibus orci luctus et ultrices posuere cubilia Curae; Mauris viverra diam vitae quam. Suspendisse potenti.</html>', 'Duis bibendum, felis sed interdum venenatis, turpis enim blandit mi, in porttitor pede justo eu massa. Donec dapibus. Duis at velit eu est congue elementum.

In hac habitasse platea dictumst. Morbi vestibulum, velit id pretium iaculis, diam erat fermentum justo, nec condimentum neque sapien placerat ante. Nulla justo.', 'implement innovative metrics', null);
insert into archives_template_mail (id, expediteur, objet, corps_html, corps_brut, description, id_envoi) values (90, 'mrockhill2h@github.com', 'deploy back-end web-readiness', '<html>Cras non velit nec nisi vulputate nonummy. Maecenas tincidunt lacus at velit. Vivamus vel nulla eget eros elementum pellentesque.</html>', 'Morbi porttitor lorem id ligula. Suspendisse ornare consequat lectus. In est risus, auctor sed, tristique in, tempus sit amet, sem.', 'expedite revolutionary platforms', 90);
insert into archives_template_mail (id, expediteur, objet, corps_html, corps_brut, description, id_envoi) values (91, 'rferbrache2i@tuttocitta.it', 'synergize next-generation systems', '<html>Cras mi pede, malesuada in, imperdiet et, commodo vulputate, justo. In blandit ultrices enim. Lorem ipsum dolor sit amet, consectetuer adipiscing elit.

Proin interdum mauris non ligula pellentesque ultrices. Phasellus id sapien in sapien iaculis congue. Vivamus metus arcu, adipiscing molestie, hendrerit at, vulputate vitae, nisl.

Aenean lectus. Pellentesque eget nunc. Donec quis orci eget orci vehicula condimentum.</html>', 'Aliquam quis turpis eget elit sodales scelerisque. Mauris sit amet eros. Suspendisse accumsan tortor quis turpis.', 'unleash best-of-breed portals', null);
insert into archives_template_mail (id, expediteur, objet, corps_html, corps_brut, description, id_envoi) values (92, 'hgunbie2j@unesco.org', 'drive cross-media vortals', '<html>Donec diam neque, vestibulum eget, vulputate ut, ultrices vel, augue. Vestibulum ante ipsum primis in faucibus orci luctus et ultrices posuere cubilia Curae; Donec pharetra, magna vestibulum aliquet ultrices, erat tortor sollicitudin mi, sit amet lobortis sapien sapien non mi. Integer ac neque.

Duis bibendum. Morbi non quam nec dui luctus rutrum. Nulla tellus.

In sagittis dui vel nisl. Duis ac nibh. Fusce lacus purus, aliquet at, feugiat non, pretium quis, lectus.</html>', 'Curabitur in libero ut massa volutpat convallis. Morbi odio odio, elementum eu, interdum eu, tincidunt in, leo. Maecenas pulvinar lobortis est.

Phasellus sit amet erat. Nulla tempus. Vivamus in felis eu sapien cursus vestibulum.

Proin eu mi. Nulla ac enim. In tempor, turpis nec euismod scelerisque, quam turpis adipiscing lorem, vitae mattis nibh ligula nec sem.', 'synthesize innovative functionalities', null);
insert into archives_template_mail (id, expediteur, objet, corps_html, corps_brut, description, id_envoi) values (93, 'njefferies2k@walmart.com', 'iterate 24/7 schemas', '<html>Fusce posuere felis sed lacus. Morbi sem mauris, laoreet ut, rhoncus aliquet, pulvinar sed, nisl. Nunc rhoncus dui vel sem.

Sed sagittis. Nam congue, risus semper porta volutpat, quam pede lobortis ligula, sit amet eleifend pede libero quis orci. Nullam molestie nibh in lectus.</html>', 'Curabitur gravida nisi at nibh. In hac habitasse platea dictumst. Aliquam augue quam, sollicitudin vitae, consectetuer eget, rutrum at, lorem.

Integer tincidunt ante vel ipsum. Praesent blandit lacinia erat. Vestibulum sed magna at nunc commodo placerat.', 'whiteboard compelling solutions', null);
insert into archives_template_mail (id, expediteur, objet, corps_html, corps_brut, description, id_envoi) values (94, 'vfullwood2l@prnewswire.com', 'leverage distributed convergence', '<html>Mauris enim leo, rhoncus sed, vestibulum sit amet, cursus id, turpis. Integer aliquet, massa id lobortis convallis, tortor risus dapibus augue, vel accumsan tellus nisi eu orci. Mauris lacinia sapien quis libero.

Nullam sit amet turpis elementum ligula vehicula consequat. Morbi a ipsum. Integer a nibh.

In quis justo. Maecenas rhoncus aliquam lacus. Morbi quis tortor id nulla ultrices aliquet.</html>', 'Donec diam neque, vestibulum eget, vulputate ut, ultrices vel, augue. Vestibulum ante ipsum primis in faucibus orci luctus et ultrices posuere cubilia Curae; Donec pharetra, magna vestibulum aliquet ultrices, erat tortor sollicitudin mi, sit amet lobortis sapien sapien non mi. Integer ac neque.

Duis bibendum. Morbi non quam nec dui luctus rutrum. Nulla tellus.', 'maximize dot-com deliverables', 94);
insert into archives_template_mail (id, expediteur, objet, corps_html, corps_brut, description, id_envoi) values (95, 'nhagan2m@ebay.co.uk', 'monetize compelling e-business', '<html>Cras non velit nec nisi vulputate nonummy. Maecenas tincidunt lacus at velit. Vivamus vel nulla eget eros elementum pellentesque.

Quisque porta volutpat erat. Quisque erat eros, viverra eget, congue eget, semper rutrum, nulla. Nunc purus.

Phasellus in felis. Donec semper sapien a libero. Nam dui.</html>', 'Quisque porta volutpat erat. Quisque erat eros, viverra eget, congue eget, semper rutrum, nulla. Nunc purus.

Phasellus in felis. Donec semper sapien a libero. Nam dui.', 'engineer collaborative solutions', 95);
insert into archives_template_mail (id, expediteur, objet, corps_html, corps_brut, description, id_envoi) values (96, 'kjefferys2n@nps.gov', 'leverage magnetic networks', '<html>Morbi porttitor lorem id ligula. Suspendisse ornare consequat lectus. In est risus, auctor sed, tristique in, tempus sit amet, sem.

Fusce consequat. Nulla nisl. Nunc nisl.

Duis bibendum, felis sed interdum venenatis, turpis enim blandit mi, in porttitor pede justo eu massa. Donec dapibus. Duis at velit eu est congue elementum.</html>', 'Nam ultrices, libero non mattis pulvinar, nulla pede ullamcorper augue, a suscipit nulla elit ac nulla. Sed vel enim sit amet nunc viverra dapibus. Nulla suscipit ligula in lacus.', 'repurpose viral architectures', null);
insert into archives_template_mail (id, expediteur, objet, corps_html, corps_brut, description, id_envoi) values (97, 'gvasyukhin2o@dion.ne.jp', 'integrate distributed communities', '<html>Curabitur in libero ut massa volutpat convallis. Morbi odio odio, elementum eu, interdum eu, tincidunt in, leo. Maecenas pulvinar lobortis est.

Phasellus sit amet erat. Nulla tempus. Vivamus in felis eu sapien cursus vestibulum.

Proin eu mi. Nulla ac enim. In tempor, turpis nec euismod scelerisque, quam turpis adipiscing lorem, vitae mattis nibh ligula nec sem.</html>', 'Integer tincidunt ante vel ipsum. Praesent blandit lacinia erat. Vestibulum sed magna at nunc commodo placerat.

Praesent blandit. Nam nulla. Integer pede justo, lacinia eget, tincidunt eget, tempus vel, pede.', 'mesh revolutionary infrastructures', null);
insert into archives_template_mail (id, expediteur, objet, corps_html, corps_brut, description, id_envoi) values (98, 'bwrettum2p@tripod.com', 'whiteboard revolutionary systems', '<html>In hac habitasse platea dictumst. Morbi vestibulum, velit id pretium iaculis, diam erat fermentum justo, nec condimentum neque sapien placerat ante. Nulla justo.

Aliquam quis turpis eget elit sodales scelerisque. Mauris sit amet eros. Suspendisse accumsan tortor quis turpis.</html>', 'Curabitur gravida nisi at nibh. In hac habitasse platea dictumst. Aliquam augue quam, sollicitudin vitae, consectetuer eget, rutrum at, lorem.', 'evolve intuitive models', 98);
insert into archives_template_mail (id, expediteur, objet, corps_html, corps_brut, description, id_envoi) values (99, 'rcalderonello2q@reddit.com', 'incubate clicks-and-mortar interfaces', '<html>Duis consequat dui nec nisi volutpat eleifend. Donec ut dolor. Morbi vel lectus in quam fringilla rhoncus.</html>', 'Duis aliquam convallis nunc. Proin at turpis a pede posuere nonummy. Integer non velit.

Donec diam neque, vestibulum eget, vulputate ut, ultrices vel, augue. Vestibulum ante ipsum primis in faucibus orci luctus et ultrices posuere cubilia Curae; Donec pharetra, magna vestibulum aliquet ultrices, erat tortor sollicitudin mi, sit amet lobortis sapien sapien non mi. Integer ac neque.', null, 99);
insert into archives_template_mail (id, expediteur, objet, corps_html, corps_brut, description, id_envoi) values (100, 'wjahan2r@amazon.com', 'seize sticky action-items', '<html>In sagittis dui vel nisl. Duis ac nibh. Fusce lacus purus, aliquet at, feugiat non, pretium quis, lectus.</html>', 'Aliquam quis turpis eget elit sodales scelerisque. Mauris sit amet eros. Suspendisse accumsan tortor quis turpis.

Sed ante. Vivamus tortor. Duis mattis egestas metus.

Aenean fermentum. Donec ut mauris eget massa tempor convallis. Nulla neque libero, convallis eget, eleifend luctus, ultricies eu, nibh.', 'matrix web-enabled models', 100);
